latitude,longitude,brightness,scan,track,acq_date,acq_time,satellite,confidence,version,bright_t31,frp,daynight
29.95788,-93.88673,300.96,1.49,1.21,2023-12-06,0334,T,36,6.1NRT,271.06,14.93,N
29.9643,-93.87891,300.93,1.49,1.2,2023-12-06,0334,T,21,6.1NRT,270.39,13.22,N
31.89175,-85.68315,302.16,1.33,1.14,2023-12-06,0336,T,47,6.1NRT,280.04,13.09,N
31.49182,-95.97283,300.71,1.89,1.34,2023-12-06,0336,T,32,6.1NRT,277.6,20.65,N
33.97397,-89.1375,301.11,1.02,1.01,2023-12-06,0336,T,38,6.1NRT,277.82,8.59,N
33.41981,-110.86534,304.93,1.3,1.13,2023-12-06,0514,T,62,6.1NRT,280.1,15.12,N
39.74805,-121.01974,315.03,1.33,1.14,2023-12-06,0516,T,51,6.1NRT,274.28,24.82,N
39.74543,-121.03433,330.83,1.34,1.15,2023-12-06,0516,T,100,6.1NRT,273.96,51.68,N
39.74268,-121.04967,306.25,1.34,1.15,2023-12-06,0516,T,49,6.1NRT,272.24,16.59,N
39.756,-121.02834,307.37,1.33,1.14,2023-12-06,0516,T,71,6.1NRT,272.87,18.28,N
39.74897,-121.03622,308.28,1.02,1.01,2023-12-06,1034,A,74,6.1NRT,273.85,13.54,N
28.39992,-81.65367,302.32,1,1,2023-12-06,1539,T,52,6.1NRT,291.34,4.32,D
27.39962,-80.50092,305.11,1.02,1.01,2023-12-06,1539,T,59,6.1NRT,294.19,4.85,D
27.05235,-81.26946,304.97,1,1,2023-12-06,1539,T,60,6.1NRT,292.26,5.32,D
27.05091,-81.25961,314.36,1,1,2023-12-06,1539,T,75,6.1NRT,292.76,12.18,D
27.11945,-81.98576,302.27,1.01,1,2023-12-06,1539,T,51,6.1NRT,291.77,3.62,D
26.85658,-80.57767,307.32,1.02,1.01,2023-12-06,1539,T,55,6.1NRT,294.47,5.58,D
26.84768,-80.57933,309.24,1.02,1.01,2023-12-06,1539,T,68,6.1NRT,292.12,6.99,D
26.95829,-81.50488,303.65,1,1,2023-12-06,1539,T,57,6.1NRT,293.24,4.3,D
26.74018,-80.48126,302.3,1.03,1.01,2023-12-06,1539,T,44,6.1NRT,291.87,3.76,D
26.67768,-80.79783,333.43,1.02,1.01,2023-12-06,1539,T,88,6.1NRT,295.03,32.42,D
26.42494,-81.21392,301.65,1.01,1,2023-12-06,1539,T,48,6.1NRT,290.84,4.01,D
22.87968,-80.87624,308.92,1.07,1.03,2023-12-06,1541,T,52,6.1NRT,296.73,6.17,D
22.62971,-83.04384,307.25,1,1,2023-12-06,1541,T,48,6.1NRT,295.37,3.55,D
22.62086,-83.04527,313.46,1,1,2023-12-06,1541,T,70,6.1NRT,295.55,8.14,D
22.35265,-83.69389,307.63,1.03,1.01,2023-12-06,1541,T,57,6.1NRT,293.85,4.01,D
34.95459,-79.21587,319.03,1,1,2023-12-06,1537,T,79,6.1NRT,284.75,18.56,D
34.95302,-79.20518,305.21,1,1,2023-12-06,1537,T,61,6.1NRT,283.88,7.96,D
34.57043,-82.15961,302.53,1.13,1.06,2023-12-06,1539,T,53,6.1NRT,283.82,8.38,D
33.05134,-79.79218,304.99,1,1,2023-12-06,1539,T,60,6.1NRT,285.74,8.19,D
33.44176,-83.442,311.67,1.26,1.11,2023-12-06,1539,T,72,6.1NRT,283.9,18.45,D
33.4402,-83.42879,321.56,1.25,1.11,2023-12-06,1539,T,81,6.1NRT,284.44,30.53,D
33.16573,-82.40072,301.86,1.12,1.06,2023-12-06,1539,T,49,6.1NRT,285.52,7.02,D
32.83514,-80.72565,316.28,1.01,1,2023-12-06,1539,T,77,6.1NRT,285.63,16.72,D
32.87012,-82.44073,310.44,1.12,1.05,2023-12-06,1539,T,70,6.1NRT,285.51,13.54,D
32.86863,-82.42902,312.04,1.12,1.05,2023-12-06,1539,T,72,6.1NRT,285.51,14.76,D
32.83416,-82.84846,309.61,1.16,1.07,2023-12-06,1539,T,69,6.1NRT,287.58,13.27,D
32.83033,-82.85516,300.75,1.16,1.07,2023-12-06,1539,T,41,6.1NRT,286.93,7.11,D
32.75523,-82.33573,302.36,1.1,1.05,2023-12-06,1539,T,52,6.1NRT,285.96,7.99,D
32.75375,-82.3242,309.97,1.1,1.05,2023-12-06,1539,T,69,6.1NRT,285.23,13.48,D
33.04706,-85.33285,320.21,1.6,1.24,2023-12-06,1539,T,70,6.1NRT,283.39,40.52,D
32.4904,-82.21842,350.37,1.09,1.04,2023-12-06,1539,T,96,6.1NRT,287.33,73.7,D
32.48896,-82.20709,317.82,1.09,1.04,2023-12-06,1539,T,78,6.1NRT,285.64,19.79,D
32.50407,-84.12773,309.66,1.33,1.14,2023-12-06,1539,T,65,6.1NRT,284.42,17.35,D
32.02308,-81.18976,305.3,1.02,1.01,2023-12-06,1539,T,61,6.1NRT,285.86,8.18,D
32.02163,-81.17922,306.7,1.02,1.01,2023-12-06,1539,T,64,6.1NRT,286.44,9.04,D
32.2434,-83.27782,300.9,1.2,1.09,2023-12-06,1539,T,43,6.1NRT,284.46,7.37,D
32.07408,-82.83562,320.28,1.14,1.06,2023-12-06,1539,T,76,6.1NRT,285.97,22.14,D
32.0726,-82.82382,328.78,1.14,1.06,2023-12-06,1539,T,86,6.1NRT,286.93,33.41,D
32.06467,-82.83722,315.9,1.14,1.06,2023-12-06,1539,T,76,6.1NRT,285.29,18.32,D
32.06319,-82.8254,322.6,1.14,1.06,2023-12-06,1539,T,82,6.1NRT,285.81,25.95,D
31.91619,-82.68919,324,1.12,1.05,2023-12-06,1539,T,83,6.1NRT,286.63,28.09,D
31.91475,-82.6776,302.14,1.12,1.05,2023-12-06,1539,T,51,6.1NRT,285.19,7.63,D
31.72221,-82.38467,300.28,1.09,1.04,2023-12-06,1539,T,34,6.1NRT,286.99,5.74,D
31.73514,-83.06233,311.9,1.16,1.07,2023-12-06,1539,T,72,6.1NRT,285.48,15.85,D
31.55371,-82.72784,308.16,1.12,1.05,2023-12-06,1539,T,67,6.1NRT,285.52,11.47,D
31.20343,-83.1383,312.58,1.15,1.07,2023-12-06,1539,T,73,6.1NRT,286.07,16.08,D
31.20194,-83.12648,329.58,1.15,1.07,2023-12-06,1539,T,86,6.1NRT,287.77,36.79,D
30.97967,-83.88029,302.4,1.24,1.11,2023-12-06,1539,T,52,6.1NRT,285.33,8.86,D
30.43074,-83.3736,300.3,1.16,1.07,2023-12-06,1539,T,34,6.1NRT,286.31,5.85,D
30.03246,-81.9929,311.88,1.03,1.01,2023-12-06,1539,T,72,6.1NRT,286.5,13.26,D
30.40044,-85.12434,320.01,1.43,1.18,2023-12-06,1539,T,80,6.1NRT,285.47,33.57,D
29.71395,-81.88627,322.48,1.02,1.01,2023-12-06,1539,T,82,6.1NRT,288.69,22.2,D
29.80193,-82.68313,310.47,1.07,1.03,2023-12-06,1539,T,70,6.1NRT,287.36,11.83,D
29.80052,-82.67226,304.92,1.07,1.03,2023-12-06,1539,T,60,6.1NRT,288.78,7.7,D
29.49132,-81.14919,307.82,1,1,2023-12-06,1539,T,57,6.1NRT,288.66,8.99,D
29.54146,-82.80135,303.9,1.08,1.04,2023-12-06,1539,T,57,6.1NRT,289,5.6,D
29.44016,-82.80187,303,1.08,1.04,2023-12-06,1539,T,54,6.1NRT,288.18,6.58,D
28.62143,-80.9428,301.27,1,1,2023-12-06,1539,T,35,6.1NRT,290.02,4.83,D
21.79024,-105.11123,313.51,1.14,1.06,2023-12-06,1719,T,64,6.1NRT,298.86,6.67,D
37.56813,-106.10222,300.49,1.13,1.06,2023-12-06,1717,T,36,6.1NRT,284.26,6.68,D
33.52504,-95.06052,315.64,2.91,1.63,2023-12-06,1717,T,76,6.1NRT,284.68,73.94,D
32.91002,-93.05625,302.27,4.08,1.87,2023-12-06,1717,T,28,6.1NRT,283.28,47.74,D
32.89403,-93.0619,319.48,4.08,1.87,2023-12-06,1717,T,79,6.1NRT,282.81,150.2,D
32.90501,-93.06553,320.84,4.08,1.87,2023-12-06,1717,T,80,6.1NRT,283.56,163.59,D
32.89503,-93.02417,307.92,4.11,1.88,2023-12-06,1717,T,66,6.1NRT,283.14,83.7,D
32.24491,-93.10257,302.88,4.22,1.9,2023-12-06,1717,T,54,6.1NRT,281.68,60.12,D
32.24043,-93.10934,300.81,4.22,1.9,2023-12-06,1717,T,42,6.1NRT,281.63,53.82,D
33.43604,-100.03732,322.36,1.41,1.18,2023-12-06,1717,T,82,6.1NRT,291.7,32.67,D
33.43336,-100.02254,300.15,1.41,1.18,2023-12-06,1717,T,30,6.1NRT,289.64,4.97,D
31.86576,-97.29156,310.79,2.28,1.46,2023-12-06,1717,T,70,6.1NRT,288.45,34.44,D
31.86098,-97.26842,303.62,2.29,1.46,2023-12-06,1717,T,57,6.1NRT,287.25,19.23,D
32.4404,-101.67329,307.63,1.2,1.09,2023-12-06,1717,T,64,6.1NRT,293.38,6.46,D
31.77854,-98.18035,314.73,2,1.38,2023-12-06,1717,T,75,6.1NRT,289.49,36.23,D
31.77445,-98.15974,310.48,2,1.38,2023-12-06,1717,T,70,6.1NRT,289.36,27.31,D
32.0516,-100.68056,301.99,1.37,1.16,2023-12-06,1717,T,50,6.1NRT,291.62,5.53,D
33.41587,-110.85184,301.86,1.83,1.32,2023-12-06,1717,T,49,6.1NRT,289.72,9.5,D
31.29838,-100.6312,300.68,1.43,1.18,2023-12-06,1717,T,40,6.1NRT,288.47,5.17,D
31.62017,-103.35961,305.01,1.06,1.03,2023-12-06,1717,T,56,6.1NRT,287.54,4.84,D
30.68903,-98.2023,302.27,2.11,1.41,2023-12-06,1717,T,51,6.1NRT,290.37,14.02,D
30.27076,-98.42744,304.9,2.08,1.4,2023-12-06,1717,T,60,6.1NRT,291.01,15.45,D
30.26844,-98.43357,305.33,2.08,1.4,2023-12-06,1717,T,61,6.1NRT,291.16,16.15,D
29.08929,-95.74403,300.39,3.39,1.74,2023-12-06,1717,T,31,6.1NRT,289.53,21.8,D
29.0819,-95.71081,308.58,3.41,1.74,2023-12-06,1717,T,58,6.1NRT,289.47,51.3,D
30.76505,-107.94157,314.04,1.15,1.07,2023-12-06,1717,T,68,6.1NRT,293.99,10.72,D
30.7556,-107.94309,315.52,1.15,1.07,2023-12-06,1717,T,76,6.1NRT,294.54,12.37,D
30.75413,-107.93132,308.45,1.15,1.07,2023-12-06,1717,T,46,6.1NRT,294.23,5.63,D
28.61694,-97.71999,306.09,2.54,1.53,2023-12-06,1719,T,60,6.1NRT,293.82,18.88,D
30.12331,-107.31097,302.23,1.08,1.04,2023-12-06,1719,T,51,6.1NRT,281.09,6.04,D
30.12188,-107.30005,301.85,1.07,1.03,2023-12-06,1719,T,49,6.1NRT,280.47,5.79,D
28.84324,-111.6641,313.84,1.8,1.32,2023-12-06,1719,T,71,6.1NRT,299,16.87,D
26.03255,-97.49438,308.09,3.03,1.66,2023-12-06,1719,T,62,6.1NRT,291.85,26.7,D
49.92886,-101.85744,309.16,1.09,1.04,2023-12-06,1711,T,68,6.1NRT,275.41,15.19,D
48.50129,-99.17604,302.29,1,1,2023-12-06,1711,T,52,6.1NRT,277,8.45,D
47.42373,-98.94408,328.93,1.02,1.01,2023-12-06,1713,T,86,6.1NRT,276.72,32.24,D
47.90948,-104.00484,318.67,1.21,1.1,2023-12-06,1713,T,79,6.1NRT,281.59,26.06,D
46.81712,-98.93614,301.65,1.03,1.01,2023-12-06,1713,T,39,6.1NRT,270.8,7.53,D
46.80829,-98.93905,309.47,1.03,1.01,2023-12-06,1713,T,69,6.1NRT,272.28,12.9,D
18.86358,-70.21251,319.74,1.26,1.12,2023-12-06,1815,A,76,6.1NRT,297.69,19.15,D
42.35329,-120.27425,323.2,1.62,1.25,2023-12-06,1853,T,62,6.1NRT,271.25,48.57,D
42.34946,-120.26285,306.97,1.62,1.25,2023-12-06,1853,T,61,6.1NRT,272.14,22.75,D
38.90579,-119.98692,300.65,2.05,1.39,2023-12-06,1853,T,40,6.1NRT,281.15,20.21,D
37.6546,-120.78029,308.86,1.96,1.37,2023-12-06,1853,T,68,6.1NRT,286.43,22.96,D
37.66207,-120.78336,305.94,1.96,1.37,2023-12-06,1853,T,58,6.1NRT,286.8,17.88,D
19.52141,-70.65257,309.46,1.31,1.14,2023-12-06,1815,A,31,6.1NRT,298.42,5.95,D
19.52477,-70.88529,320.4,1.36,1.15,2023-12-06,1815,A,74,6.1NRT,304.24,15.14,D
33.04181,-79.80714,306.24,2.82,1.6,2023-12-06,1819,A,63,6.1NRT,286.48,39.82,D
33.05183,-79.78667,307.4,2.8,1.6,2023-12-06,1819,A,65,6.1NRT,286.01,43.43,D
33.04527,-79.81536,303.79,2.82,1.6,2023-12-06,1819,A,57,6.1NRT,286.85,33.7,D
32.75694,-82.30827,303.99,4.17,1.89,2023-12-06,1819,A,58,6.1NRT,281.92,56.46,D
32.74665,-82.35038,330.65,4.19,1.9,2023-12-06,1819,A,87,6.1NRT,286.59,249.67,D
32.76107,-82.31364,306.92,4.17,1.89,2023-12-06,1819,A,64,6.1NRT,283.17,70.24,D
32.75055,-82.35567,327.61,4.19,1.9,2023-12-06,1819,A,85,6.1NRT,286.67,219.24,D
32.82511,-82.8681,303.19,4.5,1.95,2023-12-06,1819,A,55,6.1NRT,286.68,57.92,D
32.82673,-82.87182,302.44,4.5,1.95,2023-12-06,1819,A,52,6.1NRT,286.69,57.16,D
33.10217,-82.59772,300.93,4.25,1.91,2023-12-06,1819,A,43,6.1NRT,285.84,44.62,D
33.09129,-82.6412,301.95,4.28,1.91,2023-12-06,1819,A,50,6.1NRT,285.95,50.25,D
33.10576,-82.60718,307.32,4.25,1.91,2023-12-06,1819,A,65,6.1NRT,286.01,71.71,D
34.95385,-79.21506,307.41,2.3,1.47,2023-12-06,1819,A,44,6.1NRT,283.77,31.17,D
34.22945,-82.44246,304.43,3.87,1.83,2023-12-06,1819,A,59,6.1NRT,285.6,56.42,D
34.21965,-82.48263,307.36,3.9,1.84,2023-12-06,1819,A,65,6.1NRT,285.38,70.04,D
34.95116,-79.21889,309.02,2.3,1.47,2023-12-06,1819,A,38,6.1NRT,283.74,33.78,D
34.22029,-82.44306,302.08,3.87,1.83,2023-12-06,1819,A,51,6.1NRT,285.28,45.45,D
35.0884,-79.58898,317.07,2.42,1.5,2023-12-06,1819,A,54,6.1NRT,279.12,57.34,D
35.08381,-79.59216,321.49,2.42,1.5,2023-12-06,1819,A,76,6.1NRT,279.73,77.8,D
17.89687,-92.48669,322.94,1.03,1.01,2023-12-06,1953,A,81,6.1NRT,295.34,16.63,D
17.89544,-92.49618,330.09,1.03,1.01,2023-12-06,1953,A,81,6.1NRT,295.65,25.23,D
17.91658,-93.38264,308.19,1.09,1.04,2023-12-06,1953,A,46,6.1NRT,282.3,7.33,D
25.87057,-97.41888,326.89,1.38,1.16,2023-12-06,1955,A,80,6.1NRT,298.14,34.58,D
25.86822,-97.43227,316.29,1.38,1.16,2023-12-06,1955,A,66,6.1NRT,296.45,17.49,D
26.88437,-97.98541,315.04,1.43,1.18,2023-12-06,1955,A,67,6.1NRT,298.96,14.33,D
27.45341,-97.56645,318.89,1.32,1.14,2023-12-06,1955,A,77,6.1NRT,298.77,20.61,D
29.57838,-90.81927,308.9,1.27,1.12,2023-12-06,1957,A,33,6.1NRT,289.66,11.35,D
28.61378,-97.71687,303.35,1.29,1.13,2023-12-06,1957,A,48,6.1NRT,271.84,9.95,D
29.70346,-90.69859,310.98,1.29,1.13,2023-12-06,1957,A,24,6.1NRT,289.88,12.54,D
29.68071,-90.89333,306.86,1.26,1.12,2023-12-06,1957,A,64,6.1NRT,289.19,11.01,D
29.60071,-91.86742,309.22,1.13,1.06,2023-12-06,1957,A,52,6.1NRT,290.09,11.49,D
29.0815,-95.72784,305.02,1.05,1.02,2023-12-06,1957,A,55,6.1NRT,292.65,5.98,D
29.8187,-90.76329,315.33,1.29,1.13,2023-12-06,1957,A,76,6.1NRT,290.67,20.39,D
29.82372,-90.97466,313.92,1.25,1.11,2023-12-06,1957,A,74,6.1NRT,291.04,16.81,D
29.82217,-90.9874,312.32,1.25,1.11,2023-12-06,1957,A,72,6.1NRT,290.84,15.34,D
29.75972,-91.49348,309.8,1.18,1.08,2023-12-06,1957,A,38,6.1NRT,290.39,10.6,D
29.76931,-91.49503,314.33,1.18,1.08,2023-12-06,1957,A,62,6.1NRT,290.6,14.8,D
29.7678,-91.50702,316.59,1.18,1.08,2023-12-06,1957,A,71,6.1NRT,290.12,17.41,D
29.7797,-91.51468,312.29,1.18,1.08,2023-12-06,1957,A,72,6.1NRT,291.25,13.79,D
29.17159,-95.85714,305.63,1.06,1.03,2023-12-06,1957,A,61,6.1NRT,293.85,5.6,D
29.17617,-95.94615,305.08,1.06,1.03,2023-12-06,1957,A,59,6.1NRT,295.05,4.54,D
29.82098,-91.49696,303.18,1.18,1.08,2023-12-06,1957,A,29,6.1NRT,291.36,5.04,D
29.81949,-91.50896,318.37,1.18,1.08,2023-12-06,1957,A,78,6.1NRT,292.04,19.97,D
29.81801,-91.52096,311.78,1.18,1.08,2023-12-06,1957,A,72,6.1NRT,291.37,12.64,D
29.83653,-91.45034,301.5,1.19,1.08,2023-12-06,1957,A,47,6.1NRT,289.84,5.23,D
29.83504,-91.46241,308.03,1.19,1.08,2023-12-06,1957,A,66,6.1NRT,290.98,10.2,D
29.83628,-91.60912,300.75,1.17,1.08,2023-12-06,1957,A,41,6.1NRT,289.86,4.42,D
29.95807,-91.04726,316.59,1.25,1.11,2023-12-06,1957,A,77,6.1NRT,290.87,19.56,D
29.89381,-91.57664,303.33,1.17,1.08,2023-12-06,1957,A,56,6.1NRT,291.17,6.85,D
30.01891,-90.61762,301.33,1.32,1.14,2023-12-06,1957,A,46,6.1NRT,289.82,7.08,D
30.03376,-90.57874,303.52,1.32,1.14,2023-12-06,1957,A,56,6.1NRT,290.4,8.67,D
29.9747,-91.07577,301.96,1.24,1.11,2023-12-06,1957,A,18,6.1NRT,289.66,5.12,D
29.86641,-92.02451,318.51,1.12,1.06,2023-12-06,1957,A,79,6.1NRT,291.9,18.86,D
29.93395,-91.67383,305,1.16,1.07,2023-12-06,1957,A,54,6.1NRT,290.69,6.46,D
29.94493,-91.66354,304.2,1.16,1.07,2023-12-06,1957,A,56,6.1NRT,290.66,6.32,D
29.93333,-91.75793,326.91,1.15,1.07,2023-12-06,1957,A,85,6.1NRT,292.01,30.9,D
30.045,-90.9096,305.42,1.27,1.12,2023-12-06,1957,A,61,6.1NRT,290.83,9.27,D
30.05494,-90.91116,306.18,1.27,1.12,2023-12-06,1957,A,55,6.1NRT,290.2,9.27,D
29.97566,-91.72894,312.16,1.16,1.07,2023-12-06,1957,A,72,6.1NRT,291.63,13.43,D
29.93683,-92.11186,301.63,1.11,1.05,2023-12-06,1957,A,48,6.1NRT,290.96,4.92,D
29.29719,-96.7004,304.17,1.13,1.06,2023-12-06,1957,A,54,6.1NRT,293.36,5.42,D
29.30226,-96.70821,304.7,1.13,1.06,2023-12-06,1957,A,57,6.1NRT,293.26,5.9,D
30.1463,-90.9192,309.22,1.27,1.12,2023-12-06,1957,A,0,6.1NRT,291.98,11.96,D
29.95962,-92.57715,309.54,1.07,1.03,2023-12-06,1957,A,69,6.1NRT,289.75,10.94,D
29.73318,-94.22281,305.26,1,1,2023-12-06,1957,A,61,6.1NRT,293.62,5.1,D
30.08352,-91.83753,303.6,1.15,1.07,2023-12-06,1957,A,38,6.1NRT,290.53,5.36,D
30.09744,-91.80396,307.87,1.15,1.07,2023-12-06,1957,A,66,6.1NRT,290.9,8.61,D
30.09595,-91.81569,306.8,1.15,1.07,2023-12-06,1957,A,52,6.1NRT,290.87,7.52,D
30.07846,-92.06677,301.18,1.12,1.06,2023-12-06,1957,A,17,6.1NRT,290.56,3.59,D
30.08638,-92.0798,306.49,1.12,1.06,2023-12-06,1957,A,64,6.1NRT,290.23,7.65,D
29.2548,-97.70564,309.31,1.26,1.12,2023-12-06,1957,A,68,6.1NRT,292.58,10.22,D
29.2526,-97.71828,304.87,1.26,1.12,2023-12-06,1957,A,60,6.1NRT,293.27,6.18,D
30.24738,-91.25291,336.48,1.23,1.1,2023-12-06,1957,A,90,6.1NRT,292.83,50.47,D
30.24585,-91.26543,313.2,1.22,1.1,2023-12-06,1957,A,73,6.1NRT,290.78,15,D
30.14594,-92.18968,312.29,1.11,1.05,2023-12-06,1957,A,72,6.1NRT,290.68,12.99,D
30.14452,-92.20103,304.2,1.11,1.05,2023-12-06,1957,A,58,6.1NRT,290.39,6.74,D
29.95724,-93.88071,325.72,1.01,1,2023-12-06,1957,A,73,6.1NRT,293.21,22.68,D
30.85221,-86.04262,303.91,2.71,1.58,2023-12-06,1957,A,57,6.1NRT,282.67,30.91,D
30.26173,-92.14523,308.69,1.12,1.05,2023-12-06,1957,A,67,6.1NRT,291.81,9.47,D
30.26029,-92.15665,309.02,1.12,1.05,2023-12-06,1957,A,68,6.1NRT,291.59,9.72,D
30.12947,-93.43187,302.84,1.02,1.01,2023-12-06,1957,A,54,6.1NRT,291.32,4.27,D
30.3992,-91.4294,310.21,1.21,1.09,2023-12-06,1957,A,70,6.1NRT,288.98,12.94,D
30.39768,-91.44176,306.32,1.21,1.09,2023-12-06,1957,A,63,6.1NRT,290.1,9.48,D
30.18219,-93.52302,313.1,1.02,1.01,2023-12-06,1957,A,73,6.1NRT,292.39,11.25,D
29.59826,-97.32954,307.73,1.19,1.09,2023-12-06,1957,A,66,6.1NRT,295.63,6.91,D
30.48619,-91.31075,306.4,1.23,1.1,2023-12-06,1957,A,63,6.1NRT,291.16,8.86,D
30.44839,-91.77854,301.98,1.16,1.07,2023-12-06,1957,A,50,6.1NRT,290.68,6.05,D
30.26809,-93.16268,303.19,1.04,1.02,2023-12-06,1957,A,55,6.1NRT,289.82,5.39,D
29.92844,-95.81232,341.04,1.04,1.02,2023-12-06,1957,A,92,6.1NRT,293.27,46.3,D
29.92678,-95.82285,366.53,1.04,1.02,2023-12-06,1957,A,100,6.1NRT,297.99,110.13,D
29.93577,-95.82474,306.09,1.04,1.02,2023-12-06,1957,A,63,6.1NRT,289.83,6.02,D
30.29674,-93.42156,301.44,1.03,1.01,2023-12-06,1957,A,47,6.1NRT,290.44,4.29,D
30.5979,-91.38546,319.28,1.22,1.1,2023-12-06,1957,A,79,6.1NRT,291.08,20.61,D
30.59637,-91.39795,311.36,1.22,1.1,2023-12-06,1957,A,48,6.1NRT,291.31,11.6,D
30.58569,-91.48486,305.11,1.21,1.09,2023-12-06,1957,A,61,6.1NRT,290.5,7.91,D
30.58927,-91.53573,327.42,1.2,1.09,2023-12-06,1957,A,85,6.1NRT,292.64,31.33,D
30.59361,-91.53072,319.96,1.2,1.09,2023-12-06,1957,A,58,6.1NRT,292.29,20.53,D
30.59214,-91.54303,310.37,1.2,1.09,2023-12-06,1957,A,49,6.1NRT,290.9,10.9,D
30.6159,-91.50922,311.1,1.2,1.09,2023-12-06,1957,A,58,6.1NRT,291.34,11.6,D
30.61442,-91.52157,321.24,1.2,1.09,2023-12-06,1957,A,80,6.1NRT,293.18,22.79,D
30.62996,-91.63659,307.21,1.19,1.08,2023-12-06,1957,A,65,6.1NRT,290.58,9.56,D
30.62847,-91.64877,307.88,1.19,1.08,2023-12-06,1957,A,66,6.1NRT,290.38,10.06,D
30.05766,-95.75894,300.28,1.04,1.02,2023-12-06,1957,A,30,6.1NRT,290.23,2.59,D
30.75691,-91.0852,300.29,1.27,1.12,2023-12-06,1957,A,34,6.1NRT,289.09,6.18,D
30.71187,-91.46721,355.45,1.21,1.09,2023-12-06,1957,A,98,6.1NRT,294.19,96.7,D
30.72158,-91.4688,322.91,1.21,1.09,2023-12-06,1957,A,77,6.1NRT,291.94,25.78,D
30.70223,-91.62915,315.64,1.19,1.09,2023-12-06,1957,A,76,6.1NRT,291.75,16.08,D
30.70075,-91.64137,323.7,1.19,1.08,2023-12-06,1957,A,83,6.1NRT,292.63,26.03,D
30.71186,-91.63074,320.1,1.19,1.09,2023-12-06,1957,A,71,6.1NRT,292.48,20.1,D
30.71037,-91.64295,326.55,1.19,1.08,2023-12-06,1957,A,84,6.1NRT,292.9,28.9,D
30.70146,-91.71589,301.95,1.18,1.08,2023-12-06,1957,A,36,6.1NRT,290.66,5.12,D
30.69998,-91.72799,310.39,1.18,1.08,2023-12-06,1957,A,0,6.1NRT,291.54,11.76,D
30.53756,-93.20779,305.04,1.04,1.02,2023-12-06,1957,A,60,6.1NRT,290.6,6.43,D
30.29322,-95.18853,304,1.01,1,2023-12-06,1957,A,58,6.1NRT,291.89,5.78,D
30.78527,-91.78598,305.26,1.17,1.08,2023-12-06,1957,A,0,6.1NRT,290.4,7.5,D
30.76144,-92.13229,300.93,1.13,1.06,2023-12-06,1957,A,43,6.1NRT,290.08,4.36,D
31.44608,-85.51096,303.48,3,1.65,2023-12-06,1957,A,56,6.1NRT,287.37,32.6,D
30.82296,-91.71815,312.23,1.18,1.08,2023-12-06,1957,A,72,6.1NRT,290.44,13.6,D
30.82146,-91.73029,315.9,1.18,1.08,2023-12-06,1957,A,76,6.1NRT,290.15,17.22,D
31.28766,-87.5378,315.07,2.16,1.43,2023-12-06,1957,A,75,6.1NRT,287.23,44.89,D
30.33931,-95.36773,300.8,1.02,1.01,2023-12-06,1957,A,42,6.1NRT,290.72,3.56,D
31.44574,-85.51556,301.39,3,1.65,2023-12-06,1957,A,47,6.1NRT,287.25,26.98,D
31.28882,-87.52004,301.2,2.17,1.43,2023-12-06,1957,A,45,6.1NRT,287.46,16.2,D
31.28687,-87.54258,310.45,2.16,1.43,2023-12-06,1957,A,70,6.1NRT,287.12,33.71,D
30.81451,-92.05141,312.78,1.14,1.07,2023-12-06,1957,A,73,6.1NRT,291.87,14.08,D
30.81306,-92.06314,300.86,1.14,1.06,2023-12-06,1957,A,41,6.1NRT,290.03,4.56,D
31.30251,-87.65602,311.15,2.12,1.42,2023-12-06,1957,A,71,6.1NRT,286.81,35.62,D
30.79996,-92.32129,313.17,1.11,1.05,2023-12-06,1957,A,73,6.1NRT,288.64,14.56,D
30.79851,-92.33273,326.84,1.11,1.05,2023-12-06,1957,A,85,6.1NRT,289.51,30.1,D
30.79706,-92.34415,305.09,1.11,1.05,2023-12-06,1957,A,57,6.1NRT,288.77,7.36,D
31.36021,-87.29671,308.6,2.25,1.45,2023-12-06,1957,A,67,6.1NRT,287.53,32.99,D
31.35813,-87.32029,301.83,2.24,1.45,2023-12-06,1957,A,49,6.1NRT,287.6,19.23,D
30.80843,-92.40429,302.82,1.11,1.05,2023-12-06,1957,A,54,6.1NRT,290.15,6.58,D
31.17773,-89.31512,302.58,1.64,1.26,2023-12-06,1957,A,53,6.1NRT,286.02,13.08,D
31.17596,-89.33198,307.39,1.63,1.26,2023-12-06,1957,A,65,6.1NRT,286.46,18.99,D
30.71229,-93.20824,321.98,1.04,1.02,2023-12-06,1957,A,81,6.1NRT,290.03,21,D
30.71086,-93.21891,337.84,1.04,1.02,2023-12-06,1957,A,91,6.1NRT,291.73,42.55,D
30.72169,-93.27547,305.92,1.04,1.02,2023-12-06,1957,A,62,6.1NRT,290.67,7.11,D
31.73309,-83.07057,311.27,4.44,1.94,2023-12-06,1957,A,71,6.1NRT,286.97,97.05,D
30.59272,-94.40845,315.77,1,1,2023-12-06,1957,A,76,6.1NRT,290.46,14.22,D
31.73633,-83.0794,310.92,4.44,1.94,2023-12-06,1957,A,71,6.1NRT,286.9,100.17,D
30.91939,-92.18341,332.81,1.13,1.06,2023-12-06,1957,A,88,6.1NRT,291.26,38.48,D
30.96636,-92.19143,338.91,1.13,1.06,2023-12-06,1957,A,91,6.1NRT,291.28,49.09,D
30.96487,-92.20306,336.95,1.13,1.06,2023-12-06,1957,A,90,6.1NRT,291.05,44.1,D
30.9619,-92.22627,311.74,1.13,1.06,2023-12-06,1957,A,72,6.1NRT,290.24,11.8,D
30.96042,-92.23787,304.82,1.13,1.06,2023-12-06,1957,A,53,6.1NRT,290.33,6.61,D
31.02989,-91.70808,306.57,1.19,1.09,2023-12-06,1957,A,60,6.1NRT,292.23,8.92,D
30.98621,-92.06888,301.61,1.15,1.07,2023-12-06,1957,A,48,6.1NRT,289.75,4.62,D
30.98476,-92.08067,305.22,1.14,1.07,2023-12-06,1957,A,61,6.1NRT,289.85,7,D
30.97032,-92.19781,333.65,1.13,1.06,2023-12-06,1957,A,89,6.1NRT,290.54,40.53,D
30.966,-92.23269,307.98,1.13,1.06,2023-12-06,1957,A,66,6.1NRT,290.77,9.26,D
30.97318,-92.32832,314,1.12,1.05,2023-12-06,1957,A,70,6.1NRT,291.16,14.57,D
31.63923,-86.11871,300.53,2.74,1.58,2023-12-06,1957,A,38,6.1NRT,286.94,22.09,D
31.54318,-88.28106,303.66,1.94,1.36,2023-12-06,1957,A,57,6.1NRT,286.63,18.94,D
31.54127,-88.30112,300.35,1.93,1.36,2023-12-06,1957,A,35,6.1NRT,286.53,14.05,D
31.58385,-88.14696,302.95,1.98,1.37,2023-12-06,1957,A,54,6.1NRT,286.55,17.26,D
31.09293,-92.90218,339.91,1.07,1.03,2023-12-06,1957,A,92,6.1NRT,289.28,47.79,D
31.09149,-92.91321,319.56,1.07,1.03,2023-12-06,1957,A,79,6.1NRT,288.74,18.96,D
31.10206,-92.90382,309.19,1.07,1.03,2023-12-06,1957,A,39,6.1NRT,287.79,9.23,D
31.10062,-92.91484,331.2,1.07,1.03,2023-12-06,1957,A,87,6.1NRT,289.47,33.1,D
31.95708,-84.4144,311.78,3.62,1.78,2023-12-06,1957,A,72,6.1NRT,286.66,77.63,D
31.95459,-84.45225,326.2,3.6,1.78,2023-12-06,1957,A,84,6.1NRT,287.69,164.27,D
31.88685,-85.42477,309.77,3.08,1.67,2023-12-06,1957,A,69,6.1NRT,286.52,55.95,D
31.88447,-85.45711,302.05,3.06,1.66,2023-12-06,1957,A,50,6.1NRT,286.29,31.08,D
31.95156,-84.42168,320.94,3.62,1.78,2023-12-06,1957,A,81,6.1NRT,287.01,124.68,D
31.8877,-85.43271,314.76,3.08,1.67,2023-12-06,1957,A,75,6.1NRT,286.55,71.59,D
30.99976,-94.6497,304.1,1,1,2023-12-06,1957,A,58,6.1NRT,289.67,5.92,D
31.0101,-94.64686,303.27,1,1,2023-12-06,1957,A,55,6.1NRT,289.49,5.28,D
31.00862,-94.65712,340.1,1,1,2023-12-06,1957,A,92,6.1NRT,293.28,44.01,D
31.01893,-94.64861,331.84,1,1,2023-12-06,1957,A,88,6.1NRT,290.32,31.36,D
31.01744,-94.65887,342.95,1,1,2023-12-06,1957,A,93,6.1NRT,291.41,48.72,D
31.92043,-87.25615,306.52,2.3,1.47,2023-12-06,1957,A,64,6.1NRT,286.69,30.24,D
31.83469,-88.57729,317.36,1.87,1.34,2023-12-06,1957,A,71,6.1NRT,287.2,38.44,D
31.71604,-89.71585,322.91,1.57,1.23,2023-12-06,1957,A,82,6.1NRT,288.47,40.5,D
31.83132,-88.56429,305.74,1.87,1.34,2023-12-06,1957,A,62,6.1NRT,286.75,19.4,D
31.8295,-88.58381,317.66,1.87,1.34,2023-12-06,1957,A,78,6.1NRT,288.04,41.47,D
31.71987,-89.70674,306.98,1.57,1.24,2023-12-06,1957,A,65,6.1NRT,288.07,16.71,D
31.7182,-89.72304,314.89,1.57,1.23,2023-12-06,1957,A,75,6.1NRT,288.28,27.85,D
30.97208,-95.70843,307.95,1.02,1.01,2023-12-06,1957,A,66,6.1NRT,292.25,7.45,D
31.90664,-88.53436,314,1.89,1.34,2023-12-06,1957,A,74,6.1NRT,287.24,35.84,D
31.90472,-88.55399,303.14,1.88,1.34,2023-12-06,1957,A,55,6.1NRT,287.3,16.52,D
31.41321,-92.85361,318.74,1.08,1.04,2023-12-06,1957,A,79,6.1NRT,287.14,18.26,D
31.41175,-92.86475,350.11,1.08,1.04,2023-12-06,1957,A,96,6.1NRT,289.87,69.88,D
31.90321,-88.69108,305.1,1.84,1.33,2023-12-06,1957,A,61,6.1NRT,287.13,18.74,D
31.9013,-88.71021,300.01,1.83,1.33,2023-12-06,1957,A,17,6.1NRT,287.4,11.99,D
31.42239,-92.85524,329.73,1.08,1.04,2023-12-06,1957,A,86,6.1NRT,287.41,31.98,D
31.42093,-92.86639,323.87,1.08,1.04,2023-12-06,1957,A,83,6.1NRT,288.11,24.33,D
31.9113,-88.54056,319.56,1.89,1.34,2023-12-06,1957,A,79,6.1NRT,287.31,45.73,D
31.89699,-88.69585,310.17,1.84,1.33,2023-12-06,1957,A,70,6.1NRT,287.25,25.86,D
31.99577,-88.28735,324.61,1.96,1.37,2023-12-06,1957,A,83,6.1NRT,288.04,65.09,D
30.68335,-98.21295,311.09,1.27,1.12,2023-12-06,1957,A,71,6.1NRT,282.88,15.23,D
31.91256,-89.92702,333.09,1.53,1.22,2023-12-06,1957,A,88,6.1NRT,288.62,64.33,D
31.60789,-92.62327,307.03,1.1,1.05,2023-12-06,1957,A,65,6.1NRT,288.28,10.14,D
31.53243,-93.20338,336.87,1.06,1.03,2023-12-06,1957,A,90,6.1NRT,286.72,42.17,D
31.53098,-93.21429,351.71,1.05,1.03,2023-12-06,1957,A,97,6.1NRT,288.56,71.95,D
31.54151,-93.20504,321.08,1.06,1.03,2023-12-06,1957,A,81,6.1NRT,286.26,21.84,D
31.54006,-93.21594,341.42,1.05,1.03,2023-12-06,1957,A,92,6.1NRT,288.28,51.12,D
32.09649,-88.45138,311.23,1.92,1.35,2023-12-06,1957,A,71,6.1NRT,286.47,32.04,D
32.10044,-88.45719,306.91,1.92,1.35,2023-12-06,1957,A,64,6.1NRT,286.2,22.54,D
32.17859,-88.4053,319.86,1.94,1.36,2023-12-06,1957,A,80,6.1NRT,287.54,51.31,D
31.80579,-91.92474,329.63,1.19,1.08,2023-12-06,1957,A,86,6.1NRT,288.6,38.19,D
32.45784,-85.61369,301.25,3.03,1.66,2023-12-06,1957,A,39,6.1NRT,285.23,26.12,D
31.82677,-91.94775,322.1,1.18,1.08,2023-12-06,1957,A,81,6.1NRT,287.68,26.26,D
31.8253,-91.96004,315.25,1.18,1.08,2023-12-06,1957,A,76,6.1NRT,288.45,18.05,D
31.83638,-91.94934,310.55,1.18,1.08,2023-12-06,1957,A,40,6.1NRT,287.02,12.47,D
32.4592,-85.62182,305.9,3.03,1.66,2023-12-06,1957,A,62,6.1NRT,285.37,41.82,D
31.40405,-95.66189,312.77,1.02,1.01,2023-12-06,1957,A,73,6.1NRT,292.68,10.71,D
31.96285,-92.13823,310.3,1.16,1.07,2023-12-06,1957,A,70,6.1NRT,286.93,12.84,D
31.96135,-92.15032,311.24,1.16,1.07,2023-12-06,1957,A,71,6.1NRT,286.8,13.84,D
32.53115,-86.77647,310.79,2.53,1.53,2023-12-06,1957,A,70,6.1NRT,286.19,44.02,D
32.52564,-86.7836,300.17,2.53,1.53,2023-12-06,1957,A,31,6.1NRT,285.88,18.77,D
32.31734,-89.30946,317.67,1.7,1.28,2023-12-06,1957,A,78,6.1NRT,287.95,35.91,D
32.3156,-89.32725,305.84,1.69,1.28,2023-12-06,1957,A,62,6.1NRT,287.69,16.7,D
32.83643,-82.8445,302.47,4.71,1.99,2023-12-06,1957,A,52,6.1NRT,286.17,60.67,D
32.83486,-82.84879,303.92,4.71,1.99,2023-12-06,1957,A,57,6.1NRT,286.17,63.81,D
31.99532,-93.38583,305.08,1.05,1.02,2023-12-06,1957,A,61,6.1NRT,289.82,6.8,D
32.03512,-93.15633,312.68,1.07,1.03,2023-12-06,1957,A,73,6.1NRT,287.5,13.2,D
32.00438,-93.3875,300.43,1.05,1.02,2023-12-06,1957,A,21,6.1NRT,290.06,3.7,D
32.04396,-93.15324,325.55,1.07,1.03,2023-12-06,1957,A,84,6.1NRT,287.34,27.58,D
32.04253,-93.16434,317.25,1.07,1.03,2023-12-06,1957,A,77,6.1NRT,288.21,18.29,D
31.648,-96.06384,302.24,1.03,1.01,2023-12-06,1957,A,51,6.1NRT,292.22,4.3,D
32.77127,-86.2905,310.84,2.75,1.59,2023-12-06,1957,A,71,6.1NRT,285.78,51.4,D
32.72734,-87.35836,306.73,2.32,1.47,2023-12-06,1957,A,64,6.1NRT,285.94,31.85,D
32.45052,-90.22033,312.05,1.49,1.21,2023-12-06,1957,A,72,6.1NRT,287.93,22.23,D
31.2038,-98.95461,304.56,1.37,1.16,2023-12-06,1957,A,59,6.1NRT,283.53,8.53,D
32.60162,-89.18331,336.31,1.75,1.3,2023-12-06,1957,A,90,6.1NRT,287.18,88.63,D
32.03711,-94.22814,306.02,1.01,1.01,2023-12-06,1957,A,63,6.1NRT,281.5,8.4,D
32.03564,-94.23865,314.5,1.01,1.01,2023-12-06,1957,A,75,6.1NRT,281.83,14.64,D
32.24412,-93.09927,315.29,1.08,1.04,2023-12-06,1957,A,76,6.1NRT,287.21,15.75,D
32.24268,-93.11044,320.39,1.08,1.04,2023-12-06,1957,A,80,6.1NRT,288.59,20.85,D
32.30224,-92.86615,309.06,1.1,1.04,2023-12-06,1957,A,68,6.1NRT,286.22,12.26,D
33.04745,-85.35265,318.79,3.21,1.7,2023-12-06,1957,A,79,6.1NRT,285.14,98.64,D
31.8613,-97.28391,305.43,1.11,1.05,2023-12-06,1957,A,61,6.1NRT,293.18,5.88,D
32.44644,-93.38795,300.27,1.06,1.03,2023-12-06,1957,A,0,6.1NRT,282.18,6.04,D
32.01281,-96.45515,317.16,1.04,1.02,2023-12-06,1957,A,77,6.1NRT,293.07,14.97,D
31.97168,-96.71642,300.7,1.06,1.03,2023-12-06,1957,A,0,6.1NRT,290.65,4.25,D
33.42814,-83.11823,301.94,4.57,1.96,2023-12-06,1957,A,22,6.1NRT,284.97,51.92,D
31.77416,-98.17512,306.82,1.22,1.1,2023-12-06,1957,A,62,6.1NRT,293.28,8.12,D
33.04202,-89.0014,300.12,1.82,1.32,2023-12-06,1957,A,27,6.1NRT,285.79,12.54,D
33.08065,-88.7275,350.27,1.9,1.35,2023-12-06,1957,A,96,6.1NRT,287.43,163.26,D
33.07871,-88.7476,312.93,1.89,1.34,2023-12-06,1957,A,73,6.1NRT,285.98,31.86,D
33.07475,-88.73406,329.83,1.9,1.35,2023-12-06,1957,A,86,6.1NRT,286.74,73.99,D
33.05149,-88.99039,301.66,1.82,1.32,2023-12-06,1957,A,48,6.1NRT,285.25,13.21,D
33.08673,-88.73564,318.58,1.9,1.35,2023-12-06,1957,A,79,6.1NRT,286.34,44.35,D
32.02937,-97.09845,307.48,1.09,1.04,2023-12-06,1957,A,65,6.1NRT,292.99,6.79,D
33.30517,-87.99276,304.27,2.14,1.42,2023-12-06,1957,A,58,6.1NRT,285.37,22.37,D
33.31782,-87.99437,301.38,2.14,1.42,2023-12-06,1957,A,41,6.1NRT,285.02,16.81,D
33.30655,-88.39243,317.64,2.01,1.38,2023-12-06,1957,A,78,6.1NRT,287.65,44.25,D
33.26701,-88.80511,307.69,1.89,1.34,2023-12-06,1957,A,50,6.1NRT,285.02,24.11,D
33.31227,-88.37885,304.54,2.02,1.38,2023-12-06,1957,A,56,6.1NRT,285.46,20.47,D
33.3104,-88.40022,309.19,2.01,1.38,2023-12-06,1957,A,68,6.1NRT,287.92,28.13,D
32.90194,-93.05219,322.68,1.09,1.04,2023-12-06,1957,A,82,6.1NRT,286.7,25.14,D
32.90048,-93.06371,324.2,1.09,1.04,2023-12-06,1957,A,83,6.1NRT,288.08,27.05,D
32.92084,-93.12606,300.38,1.09,1.04,2023-12-06,1957,A,36,6.1NRT,286.3,6.03,D
32.4561,-97.04555,309.94,1.08,1.04,2023-12-06,1957,A,69,6.1NRT,294.23,8.94,D
33.41558,-89.82263,307.38,1.63,1.26,2023-12-06,1957,A,65,6.1NRT,287.7,18.8,D
33.66895,-87.82762,303.87,2.22,1.44,2023-12-06,1957,A,57,6.1NRT,285.01,23.73,D
33.15059,-94.1028,318.15,1.03,1.01,2023-12-06,1957,A,78,6.1NRT,288.23,17.97,D
33.14912,-94.1136,313.06,1.03,1.01,2023-12-06,1957,A,73,6.1NRT,288.13,13.48,D
34.13555,-86.8712,304.4,2.61,1.55,2023-12-06,1957,A,59,6.1NRT,285.33,29.66,D
33.51715,-93.07034,315.78,1.11,1.05,2023-12-06,1957,A,76,6.1NRT,286.02,17.24,D
34.1287,-86.87826,300.55,2.61,1.55,2023-12-06,1957,A,39,6.1NRT,284.75,19.33,D
33.52456,-93.06644,306.84,1.11,1.05,2023-12-06,1957,A,64,6.1NRT,285.36,10.74,D
33.5231,-93.07817,314.72,1.11,1.05,2023-12-06,1957,A,75,6.1NRT,286.15,17.45,D
33.97014,-89.13611,311.72,1.83,1.33,2023-12-06,1957,A,72,6.1NRT,287.08,29.86,D
33.23354,-96.52086,309.94,1.03,1.01,2023-12-06,1957,A,69,6.1NRT,288.71,9.83,D
33.51498,-95.06183,308.76,1,1,2023-12-06,1957,A,64,6.1NRT,289.59,9.03,D
33.52382,-95.06366,335.21,1,1,2023-12-06,1957,A,84,6.1NRT,290.04,36.14,D
33.52231,-95.07422,300.88,1,1,2023-12-06,1957,A,37,6.1NRT,288.51,3.88,D
34.01461,-91.29758,338.99,1.36,1.15,2023-12-06,1957,A,0,6.1NRT,287.33,66.98,D
34.02485,-91.29924,333.33,1.36,1.15,2023-12-06,1957,A,0,6.1NRT,286.87,53.78,D
33.90163,-92.38043,327.38,1.19,1.09,2023-12-06,1957,A,85,6.1NRT,286.64,35.62,D
33.90013,-92.39305,329.52,1.19,1.09,2023-12-06,1957,A,86,6.1NRT,288.09,38.9,D
33.91126,-92.38212,326.58,1.19,1.09,2023-12-06,1957,A,84,6.1NRT,285.62,34.42,D
33.90976,-92.39472,330.95,1.19,1.09,2023-12-06,1957,A,87,6.1NRT,286.85,41.29,D
33.48712,-95.94251,305.93,1.01,1,2023-12-06,1957,A,62,6.1NRT,290.96,6.67,D
33.38128,-96.70065,302.86,1.04,1.02,2023-12-06,1957,A,54,6.1NRT,290.64,4.88,D
34.07808,-97.39162,303.23,1.07,1.03,2023-12-06,1957,A,55,6.1NRT,290.64,5.27,D
34.88744,-92.29556,303.33,1.23,1.1,2023-12-06,1957,A,56,6.1NRT,286.48,9.37,D
35.03139,-92.7055,305.3,1.19,1.08,2023-12-06,1957,A,61,6.1NRT,285.65,10.16,D
32.94352,-105.50584,304.26,3.32,1.72,2023-12-06,1957,A,58,6.1NRT,285.04,37.89,D
32.94115,-105.51247,303.06,3.32,1.72,2023-12-06,1957,A,50,6.1NRT,285.03,31.98,D
34.99616,-94.89166,318.61,1.02,1.01,2023-12-06,1957,A,79,6.1NRT,288.74,17.85,D
34.81195,-96.36012,302.3,1.01,1,2023-12-06,1957,A,52,6.1NRT,288.88,5.27,D
34.69415,-97.24226,313.2,1.04,1.02,2023-12-06,1957,A,73,6.1NRT,289.7,12.39,D
35.50456,-91.22324,311.25,1.43,1.18,2023-12-06,1957,A,71,6.1NRT,286.84,20.08,D
35.54031,-91.65255,301.21,1.36,1.15,2023-12-06,1957,A,45,6.1NRT,285.35,8.98,D
35.5387,-91.66745,301.94,1.35,1.15,2023-12-06,1957,A,50,6.1NRT,285.12,9.63,D
35.29818,-95.37054,301,1.01,1,2023-12-06,1957,A,33,6.1NRT,287.53,4.47,D
35.90566,-90.87029,312.75,1.52,1.22,2023-12-06,1957,A,69,6.1NRT,284.02,25.34,D
35.69325,-92.80973,308.11,1.19,1.09,2023-12-06,1957,A,67,6.1NRT,285.07,12.34,D
35.69173,-92.82262,309.79,1.19,1.09,2023-12-06,1957,A,69,6.1NRT,285.59,13.8,D
35.08741,-97.56969,300.95,1.06,1.03,2023-12-06,1957,A,43,6.1NRT,289.58,4.14,D
35.89088,-92.93687,301.57,1.18,1.08,2023-12-06,1957,A,48,6.1NRT,285.77,7.46,D
35.8893,-92.95005,311.16,1.18,1.08,2023-12-06,1957,A,71,6.1NRT,286.21,15.22,D
36.16483,-91.58434,301.05,1.39,1.17,2023-12-06,1957,A,44,6.1NRT,283.47,9.42,D
37.26293,-93.4868,303.85,1.16,1.07,2023-12-06,1959,A,57,6.1NRT,284.11,9.23,D
37.35383,-94.39215,306.28,1.08,1.04,2023-12-06,1959,A,63,6.1NRT,285.2,9.43,D
37.0699,-97.15602,300.63,1.01,1,2023-12-06,1959,A,40,6.1NRT,286.48,4.95,D
37.51623,-94.55981,306.3,1.07,1.03,2023-12-06,1959,A,63,6.1NRT,286.21,9.39,D
37.79447,-92.48997,310.25,1.31,1.13,2023-12-06,1959,A,70,6.1NRT,283.67,16.67,D
37.80362,-92.49872,302.43,1.31,1.13,2023-12-06,1959,A,33,6.1NRT,283.53,8.92,D
38.20167,-91.91502,303.84,1.42,1.18,2023-12-06,1959,A,57,6.1NRT,278.59,13.82,D
36.66914,-106.21449,303.11,2.93,1.63,2023-12-06,1959,A,55,6.1NRT,279.39,41.73,D
39.14687,-91.01738,301.9,1.64,1.26,2023-12-06,1959,A,50,6.1NRT,274.89,14.76,D
36.67849,-106.18832,300.37,2.91,1.63,2023-12-06,1959,A,34,6.1NRT,279.79,34.43,D
39.32135,-99.22852,303.96,1.08,1.04,2023-12-06,1959,A,58,6.1NRT,281.33,6.89,D
40.15849,-95.25227,300.57,1.07,1.03,2023-12-06,1959,A,39,6.1NRT,283.81,6.37,D
38.54142,-109.08479,303.71,3.87,1.83,2023-12-06,1959,A,43,6.1NRT,275.69,63.55,D
41.83059,-94.65878,308.99,1.17,1.08,2023-12-06,1959,A,68,6.1NRT,281.54,13.7,D
41.82896,-94.67262,300.58,1.17,1.07,2023-12-06,1959,A,39,6.1NRT,281.4,7.31,D
41.98116,-97.73429,314.36,1,1,2023-12-06,1959,A,75,6.1NRT,287.02,13.73,D
41.97947,-97.74609,303.53,1,1,2023-12-06,1959,A,56,6.1NRT,287.59,6.2,D
42.80264,-98.44782,318.42,1,1,2023-12-06,1959,A,78,6.1NRT,288.24,17.44,D
45.0625,-96.1846,301.73,1.11,1.05,2023-12-06,1959,A,49,6.1NRT,284.69,6.89,D
45.52284,-98.37941,302.18,1.01,1,2023-12-06,1959,A,51,6.1NRT,281.82,6.03,D
46.6454,-98.14249,317.04,1.03,1.01,2023-12-06,2001,A,77,6.1NRT,281.21,18.18,D
46.64365,-98.15564,316.2,1.03,1.01,2023-12-06,2001,A,76,6.1NRT,281.78,17.39,D
46.7353,-97.95483,317.66,1.04,1.02,2023-12-06,2001,A,78,6.1NRT,281.78,17.84,D
46.73356,-97.96812,308.68,1.04,1.02,2023-12-06,2001,A,67,6.1NRT,281.92,10.64,D
46.85771,-97.4199,301.47,1.07,1.03,2023-12-06,2001,A,47,6.1NRT,277.9,7.84,D
46.72619,-98.63923,311.76,1.01,1.01,2023-12-06,2001,A,72,6.1NRT,279.49,13.02,D
46.81301,-98.61749,312,1.02,1.01,2023-12-06,2001,A,72,6.1NRT,279.58,13.88,D
46.88567,-98.3531,362.17,1.02,1.01,2023-12-06,2001,A,100,6.1NRT,281.66,97.85,D
46.8839,-98.36624,307.83,1.02,1.01,2023-12-06,2001,A,66,6.1NRT,278.73,10.31,D
47.01553,-97.42657,312.22,1.07,1.03,2023-12-06,2001,A,72,6.1NRT,280.4,14.94,D
46.31165,-105.02876,303.34,1.4,1.17,2023-12-06,2001,A,0,6.1NRT,267.32,15.28,D
47.60836,-97.83271,321.19,1.06,1.03,2023-12-06,2001,A,81,6.1NRT,281.73,23.38,D
47.54207,-98.96511,332.33,1.01,1.01,2023-12-06,2001,A,88,6.1NRT,279.66,35.33,D
47.5312,-99.04395,302.77,1.01,1.01,2023-12-06,2001,A,54,6.1NRT,277.93,8.56,D
47.55272,-98.95463,302.14,1.01,1.01,2023-12-06,2001,A,51,6.1NRT,279.05,7.24,D
47.55091,-98.96779,348.36,1.01,1.01,2023-12-06,2001,A,95,6.1NRT,280.45,62.83,D
47.80899,-98.06556,300.79,1.05,1.02,2023-12-06,2001,A,42,6.1NRT,280.52,7.61,D
48.21254,-97.71102,300.05,1.08,1.04,2023-12-06,2001,A,24,6.1NRT,270.8,7.55,D
48.112,-98.64591,305.15,1.03,1.01,2023-12-06,2001,A,61,6.1NRT,282.76,9.5,D
48.39209,-98.19868,301.62,1.05,1.03,2023-12-06,2001,A,48,6.1NRT,276.99,7.93,D
48.3954,-98.52123,334.3,1.04,1.02,2023-12-06,2001,A,89,6.1NRT,279.11,37.83,D
48.40437,-98.52389,321.32,1.04,1.02,2023-12-06,2001,A,81,6.1NRT,278.8,22.11,D
48.45589,-99.38303,303.59,1.01,1.01,2023-12-06,2001,A,56,6.1NRT,283.29,7.85,D
48.45406,-99.39639,318.44,1.01,1.01,2023-12-06,2001,A,78,6.1NRT,284.1,18.97,D
48.62436,-98.82292,312.48,1.03,1.01,2023-12-06,2001,A,73,6.1NRT,279.29,15.28,D
48.65655,-98.78998,302.26,1.03,1.02,2023-12-06,2001,A,51,6.1NRT,277.92,7.78,D
48.60147,-101.49275,310.3,1.01,1.01,2023-12-06,2001,A,70,6.1NRT,279.94,13.62,D
48.92833,-99.45197,304.37,1.01,1.01,2023-12-06,2001,A,59,6.1NRT,277.25,9.19,D
48.92648,-99.46549,313.21,1.01,1.01,2023-12-06,2001,A,73,6.1NRT,277.36,15.36,D
48.68676,-101.48118,305.1,1.01,1.01,2023-12-06,2001,A,61,6.1NRT,281.22,9.32,D
48.68468,-101.49454,314.65,1.01,1.01,2023-12-06,2001,A,75,6.1NRT,281.58,16.27,D
49.13964,-98.69287,314.07,1.04,1.02,2023-12-06,2001,A,70,6.1NRT,272.39,17.56,D
49.08548,-99.37994,300.24,1.02,1.01,2023-12-06,2001,A,33,6.1NRT,275.01,7.04,D
48.82706,-101.17126,301.74,1.01,1,2023-12-06,2001,A,49,6.1NRT,281.91,7.08,D
48.95157,-101.03106,302.24,1,1,2023-12-06,2001,A,51,6.1NRT,279.13,6.96,D
48.96032,-101.03414,300.36,1,1,2023-12-06,2001,A,36,6.1NRT,279.77,6.01,D
48.82065,-101.93163,304.66,1.02,1.01,2023-12-06,2001,A,59,6.1NRT,281,9.39,D
48.81848,-101.94517,306.71,1.03,1.01,2023-12-06,2001,A,64,6.1NRT,281.36,10.81,D
33.04202,-116.7232,309.1,1.21,1.09,2023-12-06,2137,A,47,6.1NRT,295.09,7.98,D
33.04047,-116.73602,315.19,1.21,1.09,2023-12-06,2137,A,67,6.1NRT,296.32,14.07,D
37.14618,-119.21703,353.62,1.07,1.03,2023-12-06,2137,A,97,6.1NRT,283.3,78.58,D
37.14472,-119.22834,336.95,1.07,1.03,2023-12-06,2137,A,90,6.1NRT,283.13,43.37,D
37.15531,-119.21334,334.3,1.07,1.03,2023-12-06,2137,A,89,6.1NRT,280.02,39.88,D
37.15384,-119.22488,358,1.07,1.03,2023-12-06,2137,A,99,6.1NRT,282.55,90.92,D
37.15239,-119.23618,308.1,1.07,1.03,2023-12-06,2137,A,54,6.1NRT,282.2,10.65,D
42.3517,-120.27604,311.15,1.1,1.04,2023-12-06,2140,A,35,6.1NRT,268.05,18.02,D
36.35708,-76.805,300.14,1,1,2023-12-07,0238,T,19,6.1NRT,276.45,8.88,N
19.3931,-92.04918,307.31,1.6,1.25,2023-12-07,0414,T,53,6.1NRT,292.93,10.8,N
27.45128,-97.56937,302.22,1.03,1.01,2023-12-07,0414,T,48,6.1NRT,281.39,7.71,N
42.98012,-123.05367,303.91,1.35,1.15,2023-12-07,0559,T,58,6.1NRT,274.68,16.68,N
28.57541,-87.9295,320.64,1.06,1.03,2023-12-07,0802,A,100,6.1NRT,291.61,19.7,N
44.92913,-97.34583,306.93,2.83,1.61,2023-12-07,1617,T,0,6.1NRT,279.79,48.92,D
30.91398,-86.91099,307.1,1.32,1.14,2023-12-07,1620,T,49,6.1NRT,282.61,14.82,D
30.91168,-86.89764,309.72,1.32,1.14,2023-12-07,1620,T,52,6.1NRT,283.43,17.42,D
43.50419,-87.91051,306.43,1.01,1.01,2023-12-07,1617,T,63,6.1NRT,279.44,10.61,D
30.38789,-84.36132,315.39,1.95,1.36,2023-12-07,1620,T,68,6.1NRT,289.12,35.93,D
41.56839,-84.04929,313.7,1.21,1.09,2023-12-07,1617,T,74,6.1NRT,278.79,20.89,D
30.09171,-83.28395,301.37,2.34,1.48,2023-12-07,1620,T,46,6.1NRT,287.56,17.32,D
31.70077,-93.18665,328.1,1.14,1.07,2023-12-07,1620,T,85,6.1NRT,282.54,34.91,D
41.56591,-84.03525,306.94,1.21,1.09,2023-12-07,1617,T,64,6.1NRT,278.29,14.49,D
31.69931,-93.17484,312.59,1.14,1.06,2023-12-07,1620,T,73,6.1NRT,282.01,16.45,D
41.63568,-87.14049,310.83,1,1,2023-12-07,1617,T,61,6.1NRT,280.67,12.88,D
31.61917,-92.61337,319.99,1.09,1.04,2023-12-07,1620,T,80,6.1NRT,280.07,22.62,D
40.01946,-87.00604,317.58,1.02,1.01,2023-12-07,1617,T,78,6.1NRT,277.85,20,D
30.70032,-86.69951,303.71,1.36,1.16,2023-12-07,1620,T,57,6.1NRT,285.12,11.8,D
37.82792,-92.73321,312.86,1.27,1.12,2023-12-07,1620,T,73,6.1NRT,288.02,17.69,D
30.69782,-86.68562,305.07,1.37,1.16,2023-12-07,1620,T,61,6.1NRT,284.28,13.2,D
35.10537,-79.15888,317.96,3.28,1.71,2023-12-07,1620,T,78,6.1NRT,283.11,100.33,D
30.88868,-87.86023,303.91,1.18,1.08,2023-12-07,1620,T,57,6.1NRT,279.18,10.54,D
31.45092,-92.73505,301.88,1.09,1.04,2023-12-07,1620,T,50,6.1NRT,278.3,8.47,D
30.58133,-87.07628,306.99,1.31,1.13,2023-12-07,1620,T,65,6.1NRT,280.17,13.28,D
30.57899,-87.06302,300.91,1.31,1.13,2023-12-07,1620,T,39,6.1NRT,281.84,7.94,D
30.86698,-89.10788,305.12,1.06,1.03,2023-12-07,1620,T,61,6.1NRT,269.15,11.07,D
31.30129,-93.15784,300.64,1.13,1.06,2023-12-07,1620,T,20,6.1NRT,282.16,6,D
31.29985,-93.14621,322.78,1.13,1.06,2023-12-07,1620,T,82,6.1NRT,284.45,26.03,D
31.29486,-93.15318,314.22,1.13,1.06,2023-12-07,1620,T,74,6.1NRT,283.41,17.81,D
31.29338,-93.14157,300.11,1.13,1.06,2023-12-07,1620,T,28,6.1NRT,283.77,6.75,D
30.32761,-87.63742,301.54,1.23,1.1,2023-12-07,1620,T,48,6.1NRT,279.51,7.56,D
30.94218,-92.14967,301.97,1.04,1.02,2023-12-07,1620,T,50,6.1NRT,280.73,6.04,D
30.93319,-92.15126,304.87,1.04,1.02,2023-12-07,1620,T,60,6.1NRT,281.33,7.88,D
29.00366,-81.5297,306.2,3.28,1.71,2023-12-07,1620,T,63,6.1NRT,288.52,43.15,D
28.99647,-81.4976,306.05,3.3,1.72,2023-12-07,1620,T,63,6.1NRT,287.82,42.79,D
30.69436,-91.21976,300.86,1,1,2023-12-07,1620,T,42,6.1NRT,280.78,5.38,D
30.69291,-91.20953,300.57,1,1,2023-12-07,1620,T,39,6.1NRT,282.28,5.38,D
30.44154,-90.31644,300.35,1.01,1,2023-12-07,1620,T,35,6.1NRT,281.11,6.07,D
30.712,-93.20477,300.52,1.12,1.05,2023-12-07,1620,T,38,6.1NRT,273.64,8.11,D
30.82101,-94.9677,302.8,1.37,1.16,2023-12-07,1620,T,39,6.1NRT,281.32,9.53,D
35.1074,-79.1638,310.54,3.28,1.71,2023-12-07,1620,T,70,6.1NRT,283.09,70.64,D
36.23494,-94.82143,301.02,1.58,1.24,2023-12-07,1620,T,44,6.1NRT,282.25,11.91,D
30.81944,-94.95371,305.9,1.37,1.16,2023-12-07,1620,T,57,6.1NRT,281.51,12.46,D
30.81071,-94.96918,302.66,1.37,1.16,2023-12-07,1620,T,41,6.1NRT,281.73,9.53,D
33.92451,-82.89626,335.01,2.02,1.38,2023-12-07,1620,T,89,6.1NRT,283.87,107.22,D
30.80916,-94.95521,309.48,1.37,1.16,2023-12-07,1620,T,69,6.1NRT,282.07,16.4,D
34.42133,-85.7585,307.44,1.32,1.14,2023-12-07,1620,T,65,6.1NRT,282.13,15.57,D
30.24339,-91.29261,301.07,1,1,2023-12-07,1620,T,44,6.1NRT,285.71,5.1,D
30.29559,-92.13459,314.82,1.03,1.01,2023-12-07,1620,T,75,6.1NRT,286.23,15.02,D
34.6769,-87.31597,303.22,1.12,1.05,2023-12-07,1620,T,55,6.1NRT,285.45,7.36,D
30.29631,-95.1825,306.23,1.39,1.17,2023-12-07,1620,T,63,6.1NRT,284.29,13.59,D
34.5123,-87.28817,306.71,1.12,1.06,2023-12-07,1620,T,64,6.1NRT,285.05,10.58,D
33.5373,-82.83321,320.74,2.08,1.4,2023-12-07,1620,T,80,6.1NRT,282.78,58.82,D
29.87595,-97.27553,303.45,1.88,1.34,2023-12-07,1620,T,40,6.1NRT,283.83,13.42,D
33.53291,-82.81182,347.44,2.09,1.41,2023-12-07,1620,T,95,6.1NRT,284.42,174.98,D
27.06594,-81.26357,320.36,3.82,1.83,2023-12-07,1620,T,68,6.1NRT,285.46,135.07,D
33.52846,-82.79019,319.32,2.09,1.41,2023-12-07,1620,T,79,6.1NRT,282.52,55.24,D
33.30067,-82.33919,304.29,2.27,1.46,2023-12-07,1620,T,58,6.1NRT,283.37,26.57,D
29.59647,-97.32959,301.67,1.88,1.34,2023-12-07,1620,T,36,6.1NRT,287.17,9.19,D
33.30244,-82.34554,305.78,2.27,1.46,2023-12-07,1620,T,62,6.1NRT,283.61,29.76,D
29.1879,-95.45966,303.5,1.4,1.17,2023-12-07,1620,T,56,6.1NRT,291.91,7.11,D
33.4301,-83.10014,302.39,2.01,1.38,2023-12-07,1620,T,52,6.1NRT,283.48,20.76,D
28.82714,-96.8026,312.89,1.69,1.28,2023-12-07,1620,T,73,6.1NRT,285.17,23.43,D
33.42281,-83.46995,320.03,1.9,1.35,2023-12-07,1620,T,80,6.1NRT,284.28,50.37,D
28.82539,-96.7856,306.41,1.68,1.28,2023-12-07,1620,T,63,6.1NRT,283.35,13.97,D
33.41111,-83.47328,314.12,1.9,1.35,2023-12-07,1620,T,74,6.1NRT,283.64,36.26,D
26.02876,-97.49779,311.13,1.73,1.29,2023-12-07,1622,T,46,6.1NRT,291.08,16.24,D
33.214,-82.49995,305.8,2.23,1.45,2023-12-07,1620,T,62,6.1NRT,284.9,28.85,D
25.87136,-97.42128,310.47,1.7,1.28,2023-12-07,1622,T,39,6.1NRT,290.89,15.37,D
33.9563,-86.75468,321.82,1.2,1.09,2023-12-07,1620,T,81,6.1NRT,284.84,27.4,D
19.57125,-90.01176,311.47,1.32,1.14,2023-12-07,1622,T,70,6.1NRT,294.17,10.88,D
33.95409,-86.74202,308.24,1.2,1.09,2023-12-07,1620,T,57,6.1NRT,284.08,12.49,D
33.95188,-86.74901,323.4,1.2,1.09,2023-12-07,1620,T,82,6.1NRT,284.67,29.1,D
19.57038,-90.0053,307.3,1.32,1.14,2023-12-07,1622,T,48,6.1NRT,293.98,6.61,D
34.18374,-89.61894,311.01,1,1,2023-12-07,1620,T,71,6.1NRT,282.16,12.69,D
19.60352,-92.28972,314.13,1.04,1.02,2023-12-07,1624,T,60,6.1NRT,293.97,10.61,D
33.18835,-84.1302,312.59,1.75,1.3,2023-12-07,1620,T,73,6.1NRT,284.43,30.21,D
19.30316,-92.19913,311.07,1.05,1.02,2023-12-07,1624,T,46,6.1NRT,294.47,7.92,D
33.18475,-84.11205,318.58,1.75,1.3,2023-12-07,1620,T,79,6.1NRT,284.85,41.92,D
18.86835,-92.62389,337.69,1.03,1.01,2023-12-07,1624,T,88,6.1NRT,290.7,39.25,D
33.18735,-84.11716,326.48,1.75,1.3,2023-12-07,1620,T,84,6.1NRT,284.87,60.8,D
33.24708,-85.40473,303.74,1.46,1.19,2023-12-07,1620,T,57,6.1NRT,283.38,12.89,D
17.91281,-93.5173,304.11,1,1,2023-12-07,1624,T,54,6.1NRT,285.95,4.56,D
32.70459,-83.39967,340.09,2,1.38,2023-12-07,1620,T,92,6.1NRT,285.2,126.58,D
33.53735,-89.19096,314.93,1.02,1.01,2023-12-07,1620,T,75,6.1NRT,282.88,15.68,D
32.39976,-82.88867,300.85,2.19,1.44,2023-12-07,1620,T,42,6.1NRT,285.39,18.64,D
32.85432,-85.24136,305.81,1.51,1.21,2023-12-07,1620,T,62,6.1NRT,283.45,16,D
32.85138,-85.22573,309.19,1.52,1.22,2023-12-07,1620,T,68,6.1NRT,283.88,20,D
32.2559,-82.33665,301.65,2.41,1.5,2023-12-07,1620,T,48,6.1NRT,285.59,19.89,D
33.29484,-88.00284,332,1.09,1.04,2023-12-07,1620,T,88,6.1NRT,284.56,38.45,D
33.293,-87.99143,313.22,1.09,1.04,2023-12-07,1620,T,73,6.1NRT,283.4,16.06,D
33.2857,-88.0049,300.69,1.09,1.04,2023-12-07,1620,T,38,6.1NRT,283.09,6.57,D
32.27766,-82.68848,323.18,2.28,1.46,2023-12-07,1620,T,82,6.1NRT,285.19,76.94,D
33.10049,-87.12662,304.21,1.19,1.08,2023-12-07,1620,T,58,6.1NRT,283.44,10.48,D
32.87789,-86.79916,306.56,1.24,1.11,2023-12-07,1620,T,64,6.1NRT,284.3,12.97,D
32.87564,-86.78625,314.55,1.24,1.11,2023-12-07,1620,T,75,6.1NRT,284.37,20.97,D
32.75984,-86.13099,315.58,1.35,1.15,2023-12-07,1620,T,76,6.1NRT,285.05,25.2,D
32.09644,-83.23112,310.1,2.12,1.41,2023-12-07,1620,T,70,6.1NRT,285.75,33.45,D
32.09202,-83.20966,304.84,2.12,1.42,2023-12-07,1620,T,60,6.1NRT,285.75,23.15,D
32.19757,-83.85118,300.39,1.91,1.35,2023-12-07,1620,T,36,6.1NRT,286.68,12.3,D
32.62419,-86.11834,314.32,1.36,1.16,2023-12-07,1620,T,75,6.1NRT,284.76,23.26,D
32.6217,-86.10423,327.14,1.36,1.16,2023-12-07,1620,T,85,6.1NRT,285.03,43.2,D
31.7507,-83.04475,305.62,2.22,1.44,2023-12-07,1620,T,62,6.1NRT,285.15,26.27,D
31.75139,-83.05132,303.34,2.22,1.44,2023-12-07,1620,T,56,6.1NRT,284.98,23.13,D
32.78942,-89.44855,306.97,1.01,1.01,2023-12-07,1620,T,51,6.1NRT,282.29,8.71,D
32.78056,-89.45039,323.17,1.01,1.01,2023-12-07,1620,T,82,6.1NRT,282.57,23.31,D
31.99851,-84.85329,325.07,1.67,1.27,2023-12-07,1620,T,83,6.1NRT,284.76,53.35,D
32.33984,-88.12685,308.66,1.1,1.05,2023-12-07,1620,T,67,6.1NRT,284.4,11.72,D
32.33063,-88.12887,306.76,1.1,1.05,2023-12-07,1620,T,64,6.1NRT,284.63,10.68,D
32.32876,-88.1175,306.1,1.11,1.05,2023-12-07,1620,T,63,6.1NRT,284.63,10.24,D
31.20901,-83.13853,309.53,2.25,1.45,2023-12-07,1620,T,44,6.1NRT,287.25,29.51,D
31.20426,-83.11587,308.56,2.26,1.46,2023-12-07,1620,T,40,6.1NRT,287.81,27.7,D
31.36689,-83.93133,301.08,1.98,1.37,2023-12-07,1620,T,44,6.1NRT,287.57,13.5,D
31.20553,-83.12222,315.34,2.26,1.46,2023-12-07,1620,T,76,6.1NRT,287.98,47.59,D
31.1929,-83.12571,306.34,2.26,1.46,2023-12-07,1620,T,56,6.1NRT,287.23,24.51,D
31.69567,-85.96986,323.23,1.44,1.19,2023-12-07,1620,T,72,6.1NRT,286.55,38.98,D
31.69298,-85.95517,310.17,1.45,1.19,2023-12-07,1620,T,61,6.1NRT,285.92,19.52,D
32.48764,-93.54338,311.99,1.21,1.09,2023-12-07,1620,T,72,6.1NRT,270.96,18.51,D
31.19093,-86.66638,310.89,1.34,1.15,2023-12-07,1620,T,71,6.1NRT,285.2,18.78,D
31.18852,-86.65277,307.5,1.35,1.15,2023-12-07,1620,T,65,6.1NRT,285.01,15.09,D
32.15624,-93.23849,302.87,1.16,1.07,2023-12-07,1620,T,54,6.1NRT,280.26,9.63,D
32.03074,-93.11922,329.05,1.14,1.07,2023-12-07,1620,T,86,6.1NRT,282.02,35.73,D
32.0263,-93.12592,304.77,1.14,1.07,2023-12-07,1620,T,60,6.1NRT,282.22,10.21,D
32.0248,-93.11405,303.61,1.14,1.07,2023-12-07,1620,T,57,6.1NRT,281.2,9.32,D
31.8433,-92.00406,302.66,1.04,1.02,2023-12-07,1620,T,53,6.1NRT,278.57,8.2,D
32.00059,-93.38792,308.83,1.17,1.08,2023-12-07,1620,T,68,6.1NRT,281.48,12.61,D
31.99911,-93.37574,330.6,1.17,1.08,2023-12-07,1620,T,87,6.1NRT,281.54,39.1,D
31.98957,-93.37729,302.15,1.17,1.08,2023-12-07,1620,T,43,6.1NRT,280.95,7.36,D
29.99809,-81.86285,301.77,2.94,1.63,2023-12-07,1620,T,49,6.1NRT,287.92,25.42,D
31.71543,-91.73763,300.15,1.03,1.01,2023-12-07,1620,T,29,6.1NRT,284.42,5.08,D
30.79487,-85.9559,305.54,1.5,1.21,2023-12-07,1620,T,62,6.1NRT,283.97,15.14,D
30.91269,-86.90553,317.4,1.32,1.14,2023-12-07,1620,T,59,6.1NRT,282.77,25.07,D
44.53384,-117.47739,348.96,1.55,1.23,2023-12-07,1756,T,90,6.1NRT,275.11,122.95,D
44.53218,-117.45862,324.61,1.55,1.23,2023-12-07,1756,T,78,6.1NRT,273.07,50.06,D
44.53207,-117.48452,321.64,1.55,1.23,2023-12-07,1756,T,81,6.1NRT,272.46,42.62,D
44.53031,-117.46563,332.52,1.55,1.23,2023-12-07,1756,T,88,6.1NRT,273.74,66.39,D
37.82917,-108.70956,304.39,1.42,1.18,2023-12-07,1758,T,59,6.1NRT,274.04,17.47,D
38.22129,-111.44794,302.02,1.07,1.03,2023-12-07,1758,T,50,6.1NRT,272.15,10.4,D
37.51162,-112.95991,308.97,1.01,1,2023-12-07,1758,T,68,6.1NRT,273.94,13.32,D
36.10226,-105.77017,305.6,2.34,1.48,2023-12-07,1758,T,62,6.1NRT,280.78,34.4,D
33.42385,-110.86816,312.24,1.31,1.13,2023-12-07,1758,T,72,6.1NRT,290.72,14.22,D
33.42138,-110.8543,328.29,1.31,1.14,2023-12-07,1758,T,86,6.1NRT,291.06,37.65,D
33.41145,-110.85665,310.08,1.31,1.14,2023-12-07,1758,T,61,6.1NRT,291.66,11.83,D
33.6284,-116.10088,317.56,1.04,1.02,2023-12-07,1800,T,76,6.1NRT,295.31,13.95,D
32.86908,-113.48235,316.78,1.04,1.02,2023-12-07,1800,T,71,6.1NRT,295.78,11.23,D
32.10371,-109.77375,314.45,1.6,1.25,2023-12-07,1800,T,72,6.1NRT,292.79,20.65,D
30.79152,-107.9355,310.17,2.27,1.46,2023-12-07,1800,T,63,6.1NRT,298.32,16.32,D
30.7925,-107.94074,311.2,2.27,1.46,2023-12-07,1800,T,65,6.1NRT,298.4,18.74,D
30.79786,-108.35651,309.1,2.12,1.42,2023-12-07,1800,T,60,6.1NRT,297.18,11.99,D
30.32828,-107.10934,311.96,2.65,1.56,2023-12-07,1800,T,67,6.1NRT,299.63,24.16,D
18.25071,-78.12373,330.85,1.02,1.01,2023-12-07,1857,A,86,6.1NRT,299.65,23.54,D
18.2493,-78.13317,333.7,1.02,1.01,2023-12-07,1857,A,88,6.1NRT,300.15,27.58,D
18.25963,-78.12522,315.47,1.02,1.01,2023-12-07,1857,A,59,6.1NRT,299.51,7.31,D
21.91309,-79.06995,301.52,1.02,1.01,2023-12-07,1857,A,42,6.1NRT,285.77,3.52,D
22.70532,-81.15408,311.5,1.2,1.09,2023-12-07,1857,A,67,6.1NRT,276.69,14.54,D
26.75854,-81.7823,312.34,1.14,1.06,2023-12-07,1900,A,72,6.1NRT,279.42,13.83,D
26.75672,-81.79346,319.71,1.14,1.06,2023-12-07,1900,A,80,6.1NRT,283.62,21.29,D
26.75921,-81.9571,365.92,1.16,1.07,2023-12-07,1900,A,100,6.1NRT,297.92,125.01,D
26.75736,-81.96847,357.92,1.16,1.07,2023-12-07,1900,A,99,6.1NRT,297.7,97.55,D
26.7668,-81.97044,309.49,1.16,1.07,2023-12-07,1900,A,69,6.1NRT,292.98,8.88,D
26.7953,-81.83121,306.5,1.14,1.06,2023-12-07,1900,A,48,6.1NRT,290.64,7.37,D
27.10658,-81.68354,308.24,1.12,1.05,2023-12-07,1900,A,65,6.1NRT,289.27,8.04,D
27.17018,-81.76508,324.2,1.12,1.06,2023-12-07,1900,A,82,6.1NRT,295.27,24.41,D
27.16841,-81.77616,312.14,1.12,1.06,2023-12-07,1900,A,71,6.1NRT,292.53,11.08,D
27.26736,-81.44247,313.97,1.09,1.04,2023-12-07,1900,A,57,6.1NRT,295.55,10.25,D
27.26564,-81.45323,329,1.09,1.04,2023-12-07,1900,A,85,6.1NRT,294.62,27.97,D
27.27482,-81.4551,331.1,1.09,1.04,2023-12-07,1900,A,87,6.1NRT,294.72,30.87,D
27.28571,-81.44621,315.07,1.09,1.04,2023-12-07,1900,A,65,6.1NRT,295.68,11.47,D
27.284,-81.45697,372.43,1.09,1.04,2023-12-07,1900,A,100,6.1NRT,297.6,138.3,D
27.50089,-80.47741,311.08,1.02,1.01,2023-12-07,1900,A,68,6.1NRT,295.56,7.89,D
27.417,-82.16697,310.26,1.16,1.07,2023-12-07,1900,A,66,6.1NRT,297.68,7.98,D
27.55474,-81.67577,309.58,1.1,1.05,2023-12-07,1900,A,65,6.1NRT,296.59,7.53,D
27.67865,-81.00562,334.62,1.05,1.02,2023-12-07,1900,A,89,6.1NRT,294.26,35.66,D
27.67702,-81.01599,335.29,1.05,1.02,2023-12-07,1900,A,84,6.1NRT,295.34,36.6,D
27.74345,-81.41475,316.56,1.08,1.04,2023-12-07,1900,A,76,6.1NRT,291.1,14.03,D
27.74175,-81.42542,322.73,1.08,1.04,2023-12-07,1900,A,82,6.1NRT,291.79,20.84,D
27.82633,-81.7562,305.66,1.1,1.05,2023-12-07,1900,A,46,6.1NRT,293.03,4.36,D
27.9157,-81.83826,305.88,1.11,1.05,2023-12-07,1900,A,59,6.1NRT,290.16,6.11,D
28.13136,-80.77007,311.97,1.03,1.01,2023-12-07,1900,A,68,6.1NRT,285.2,10.69,D
28.12979,-80.7803,304.31,1.03,1.01,2023-12-07,1900,A,58,6.1NRT,282.9,5.5,D
28.31707,-82.06156,366.07,1.12,1.06,2023-12-07,1900,A,100,6.1NRT,290.8,122.24,D
28.31527,-82.07274,324.1,1.12,1.06,2023-12-07,1900,A,83,6.1NRT,286.48,25.14,D
28.32636,-82.06353,327.93,1.12,1.06,2023-12-07,1900,A,85,6.1NRT,288.51,29.27,D
28.24986,-82.67171,302.85,1.2,1.09,2023-12-07,1900,A,37,6.1NRT,289.45,4.4,D
28.24785,-82.68361,304.84,1.2,1.09,2023-12-07,1900,A,52,6.1NRT,289.62,5.39,D
28.8947,-81.68802,300.36,1.07,1.03,2023-12-07,1900,A,35,6.1NRT,283.04,4.25,D
29.31134,-81.513,307.04,1.05,1.02,2023-12-07,1900,A,52,6.1NRT,290.34,7.07,D
29.30969,-81.52358,326.72,1.05,1.02,2023-12-07,1900,A,74,6.1NRT,289.9,25.83,D
29.31705,-81.53606,309.74,1.05,1.02,2023-12-07,1900,A,0,6.1NRT,289.4,8.75,D
29.19807,-82.985,308.63,1.2,1.09,2023-12-07,1900,A,59,6.1NRT,283.72,11.72,D
29.77765,-82.58456,300.34,1.13,1.06,2023-12-07,1900,A,35,6.1NRT,283.94,4.23,D
30.5924,-83.37899,304.95,1.2,1.09,2023-12-07,1900,A,60,6.1NRT,290.69,8.56,D
30.5907,-85.04608,303.49,1.48,1.2,2023-12-07,1900,A,56,6.1NRT,288.96,9.73,D
30.59414,-85.05231,301.74,1.48,1.2,2023-12-07,1900,A,49,6.1NRT,289.08,7.3,D
30.67451,-84.67654,303,1.4,1.17,2023-12-07,1900,A,54,6.1NRT,290.51,8.99,D
31.01749,-83.05515,304.27,1.14,1.07,2023-12-07,1900,A,58,6.1NRT,290.36,7.33,D
31.01214,-83.29361,303.19,1.17,1.08,2023-12-07,1900,A,55,6.1NRT,292.03,6.62,D
31.42982,-81.63003,301.47,1.02,1.01,2023-12-07,1900,A,47,6.1NRT,289.8,5.42,D
31.4282,-81.64057,307.76,1.03,1.01,2023-12-07,1900,A,66,6.1NRT,290.07,9.29,D
31.1923,-83.11933,324.31,1.15,1.07,2023-12-07,1900,A,83,6.1NRT,291.6,26.5,D
31.19035,-83.13107,321.21,1.15,1.07,2023-12-07,1900,A,81,6.1NRT,292.12,22.72,D
30.98359,-84.40274,303.84,1.33,1.14,2023-12-07,1900,A,57,6.1NRT,286.32,9.14,D
30.7941,-85.95788,303.07,1.67,1.27,2023-12-07,1900,A,55,6.1NRT,288.52,11.82,D
30.57042,-87.07704,301.32,2,1.38,2023-12-07,1900,A,46,6.1NRT,277.84,19.12,D
31.16636,-84.36066,304.8,1.32,1.14,2023-12-07,1900,A,60,6.1NRT,289.99,8.81,D
31.164,-84.37411,301.26,1.32,1.14,2023-12-07,1900,A,46,6.1NRT,290.15,5.71,D
31.30758,-83.65773,307.91,1.21,1.09,2023-12-07,1900,A,66,6.1NRT,291.04,10.23,D
31.31208,-83.65264,307.86,1.21,1.09,2023-12-07,1900,A,65,6.1NRT,290.95,9.96,D
31.28515,-84.03943,302.18,1.26,1.12,2023-12-07,1900,A,51,6.1NRT,289.1,7.14,D
31.35377,-83.93593,304.53,1.24,1.11,2023-12-07,1900,A,45,6.1NRT,291.26,7.35,D
31.35413,-83.94132,303.83,1.24,1.11,2023-12-07,1900,A,43,6.1NRT,291.35,7.17,D
31.72933,-81.72926,305.96,1.03,1.01,2023-12-07,1900,A,63,6.1NRT,290.66,7.28,D
30.90723,-86.51498,303.4,1.8,1.32,2023-12-07,1900,A,56,6.1NRT,274.53,19.44,D
30.90859,-86.63144,311.68,1.83,1.33,2023-12-07,1900,A,72,6.1NRT,275.84,32.64,D
31.75168,-83.04295,300.64,1.12,1.05,2023-12-07,1900,A,40,6.1NRT,287.7,5.44,D
31.74979,-83.05447,307.65,1.12,1.06,2023-12-07,1900,A,66,6.1NRT,288.47,10.37,D
32.05223,-81.43661,323.64,1.01,1.01,2023-12-07,1900,A,83,6.1NRT,289.13,22.94,D
32.05065,-81.44707,319.27,1.01,1.01,2023-12-07,1900,A,79,6.1NRT,289.7,18.48,D
31.84294,-82.82184,307.74,1.1,1.04,2023-12-07,1900,A,66,6.1NRT,290.15,10.22,D
31.98542,-81.99015,314.22,1.03,1.02,2023-12-07,1900,A,74,6.1NRT,291.15,13.35,D
31.98375,-82.00085,328.59,1.04,1.02,2023-12-07,1900,A,86,6.1NRT,292.07,28.84,D
31.78811,-83.38591,304.12,1.16,1.07,2023-12-07,1900,A,58,6.1NRT,288.33,7.03,D
31.79752,-83.38811,340.54,1.16,1.07,2023-12-07,1900,A,92,6.1NRT,291.1,55.3,D
31.79553,-83.40002,306.81,1.16,1.07,2023-12-07,1900,A,64,6.1NRT,289.55,9.1,D
31.88148,-82.93656,302.29,1.11,1.05,2023-12-07,1900,A,52,6.1NRT,291.05,5.58,D
31.87963,-82.94797,309.77,1.11,1.05,2023-12-07,1900,A,69,6.1NRT,290.89,11.05,D
31.43893,-85.49585,311.86,1.51,1.21,2023-12-07,1900,A,72,6.1NRT,284.27,22.62,D
31.86831,-83.07635,309.66,1.12,1.05,2023-12-07,1900,A,69,6.1NRT,291.29,11.54,D
31.44141,-85.50181,313.18,1.51,1.21,2023-12-07,1900,A,73,6.1NRT,285.41,23.17,D
31.8478,-83.40538,302.65,1.16,1.07,2023-12-07,1900,A,53,6.1NRT,290.88,6.24,D
31.84579,-83.41729,310.3,1.16,1.07,2023-12-07,1900,A,70,6.1NRT,291.11,11.97,D
31.96945,-82.72776,318.29,1.09,1.04,2023-12-07,1900,A,78,6.1NRT,289.9,18.71,D
31.96763,-82.73897,323.75,1.09,1.04,2023-12-07,1900,A,83,6.1NRT,291.36,24.95,D
31.16259,-87.16961,305.29,1.96,1.37,2023-12-07,1900,A,61,6.1NRT,274.4,25.73,D
31.66626,-84.74793,300.44,1.36,1.15,2023-12-07,1900,A,37,6.1NRT,289.27,6.56,D
31.69098,-84.66746,301.12,1.34,1.15,2023-12-07,1900,A,37,6.1NRT,288.62,6.19,D
31.68855,-84.68128,303.09,1.34,1.15,2023-12-07,1900,A,52,6.1NRT,288.52,7.96,D
31.68894,-84.67351,308.22,1.34,1.15,2023-12-07,1900,A,67,6.1NRT,288.75,12.78,D
32.05627,-82.59241,331.6,1.07,1.03,2023-12-07,1900,A,87,6.1NRT,288.97,35.42,D
32.05447,-82.60349,308.83,1.07,1.03,2023-12-07,1900,A,68,6.1NRT,288.29,10.59,D
31.9881,-83.00871,306.79,1.11,1.05,2023-12-07,1900,A,64,6.1NRT,290.49,8.86,D
31.85939,-84.0013,301.79,1.23,1.1,2023-12-07,1900,A,49,6.1NRT,289.5,6.8,D
31.7782,-84.52518,326.04,1.31,1.14,2023-12-07,1900,A,84,6.1NRT,291.23,35.96,D
32.0913,-82.78533,300.08,1.09,1.04,2023-12-07,1900,A,26,6.1NRT,288.3,4.82,D
32.33032,-81.30261,337.63,1.01,1,2023-12-07,1900,A,91,6.1NRT,290.66,40.02,D
32.0125,-83.32787,310.1,1.14,1.06,2023-12-07,1900,A,65,6.1NRT,290.63,11.47,D
31.65035,-85.41779,324.34,1.48,1.2,2023-12-07,1900,A,83,6.1NRT,287.57,40.27,D
32.34054,-81.29954,310.89,1.01,1,2023-12-07,1900,A,71,6.1NRT,290.04,10.97,D
32.146,-82.54918,304.87,1.07,1.03,2023-12-07,1900,A,60,6.1NRT,290.34,7.27,D
32.01826,-83.3224,313.68,1.14,1.06,2023-12-07,1900,A,74,6.1NRT,288.87,16.22,D
32.01627,-83.33415,303.75,1.14,1.06,2023-12-07,1900,A,57,6.1NRT,289.58,7.8,D
32.03747,-83.26591,330.35,1.13,1.06,2023-12-07,1900,A,87,6.1NRT,289.89,36.23,D
31.65651,-85.40873,309.07,1.48,1.2,2023-12-07,1900,A,68,6.1NRT,285.51,17.13,D
31.65367,-85.42382,312.52,1.48,1.2,2023-12-07,1900,A,73,6.1NRT,287.1,21.73,D
32.07128,-83.23732,309.4,1.13,1.06,2023-12-07,1900,A,51,6.1NRT,288.82,9.97,D
32.06934,-83.249,328.52,1.13,1.06,2023-12-07,1900,A,86,6.1NRT,290.59,32.31,D
32.09375,-83.21831,312.11,1.13,1.06,2023-12-07,1900,A,72,6.1NRT,290.31,13.55,D
32.09182,-83.22999,313.83,1.13,1.06,2023-12-07,1900,A,74,6.1NRT,289.55,15.01,D
32.23739,-82.3877,306.59,1.05,1.03,2023-12-07,1900,A,64,6.1NRT,288.86,8.49,D
31.35706,-87.31956,302.18,1.99,1.38,2023-12-07,1900,A,51,6.1NRT,277.06,18.71,D
32.25328,-82.34608,302.1,1.05,1.02,2023-12-07,1900,A,51,6.1NRT,289.57,5.71,D
32.25157,-82.35699,306.47,1.05,1.02,2023-12-07,1900,A,64,6.1NRT,289.47,8.56,D
32.12927,-83.17826,321.41,1.12,1.06,2023-12-07,1900,A,81,6.1NRT,289.18,23.54,D
31.36088,-87.32744,300.07,1.99,1.38,2023-12-07,1900,A,23,6.1NRT,278.7,14.49,D
32.28885,-82.47378,317.09,1.06,1.03,2023-12-07,1900,A,77,6.1NRT,290.46,17.03,D
32.2871,-82.48476,339.27,1.06,1.03,2023-12-07,1900,A,91,6.1NRT,292.21,46.65,D
31.68964,-85.96804,313.24,1.6,1.25,2023-12-07,1900,A,73,6.1NRT,283.14,26.19,D
32.27338,-82.68796,314.37,1.07,1.03,2023-12-07,1900,A,75,6.1NRT,289.51,15.21,D
32.2716,-82.69908,302.28,1.08,1.04,2023-12-07,1900,A,52,6.1NRT,288.68,5.96,D
32.40443,-81.9733,303.94,1.03,1.01,2023-12-07,1900,A,58,6.1NRT,290.12,6.68,D
32.21825,-83.14561,317.64,1.12,1.05,2023-12-07,1900,A,78,6.1NRT,288.68,18.73,D
32.21637,-83.15713,331.35,1.12,1.05,2023-12-07,1900,A,87,6.1NRT,289.56,36.47,D
32.27935,-82.86906,313.77,1.09,1.04,2023-12-07,1900,A,74,6.1NRT,290.06,13.69,D
32.33562,-82.58111,313.95,1.07,1.03,2023-12-07,1900,A,74,6.1NRT,288.84,14.53,D
32.33384,-82.59216,306.39,1.07,1.03,2023-12-07,1900,A,63,6.1NRT,288.57,8.55,D
32.2885,-82.87116,350.36,1.09,1.04,2023-12-07,1900,A,96,6.1NRT,292.63,71.51,D
32.02647,-84.51998,314.58,1.3,1.13,2023-12-07,1900,A,75,6.1NRT,288.53,20.24,D
32.0241,-84.53332,317.51,1.3,1.13,2023-12-07,1900,A,78,6.1NRT,289.04,23.81,D
32.55689,-81.45472,322.63,1.01,1,2023-12-07,1900,A,82,6.1NRT,290.41,20.71,D
31.99806,-84.85504,307.15,1.36,1.15,2023-12-07,1900,A,65,6.1NRT,287.75,13.83,D
32.56574,-81.4566,304.7,1.01,1,2023-12-07,1900,A,23,6.1NRT,290.43,5.64,D
32.54551,-81.84025,320.22,1.02,1.01,2023-12-07,1900,A,80,6.1NRT,288.82,19.05,D
32.54387,-81.85086,312.92,1.02,1.01,2023-12-07,1900,A,73,6.1NRT,289.82,12.53,D
32.15779,-84.19047,300.26,1.24,1.11,2023-12-07,1900,A,33,6.1NRT,287.6,6.09,D
32.15555,-84.20323,301.59,1.24,1.11,2023-12-07,1900,A,48,6.1NRT,288.14,6.99,D
32.39017,-82.87777,306.52,1.09,1.04,2023-12-07,1900,A,64,6.1NRT,289.43,8.62,D
31.94217,-85.43764,322.81,1.47,1.2,2023-12-07,1900,A,82,6.1NRT,287.07,38.5,D
31.93936,-85.45271,308.3,1.47,1.2,2023-12-07,1900,A,67,6.1NRT,287,16.82,D
32.39931,-82.87987,303.74,1.09,1.04,2023-12-07,1900,A,57,6.1NRT,288.9,6.7,D
32.78512,-80.59277,300.27,1,1,2023-12-07,1900,A,33,6.1NRT,286.87,5.31,D
32.64223,-81.56635,366.89,1.01,1,2023-12-07,1900,A,100,6.1NRT,294.32,108.3,D
32.64064,-81.57689,324.15,1.01,1,2023-12-07,1900,A,83,6.1NRT,290.44,22.77,D
32.59562,-81.87314,306.53,1.02,1.01,2023-12-07,1900,A,64,6.1NRT,289.53,8.31,D
32.49119,-82.54293,301.58,1.06,1.03,2023-12-07,1900,A,48,6.1NRT,288.08,5.86,D
31.89585,-85.98351,301.76,1.59,1.24,2023-12-07,1900,A,49,6.1NRT,284.73,11.42,D
31.9306,-85.92969,304.41,1.57,1.24,2023-12-07,1900,A,59,6.1NRT,285.82,13.25,D
31.94137,-85.93263,305.35,1.57,1.24,2023-12-07,1900,A,61,6.1NRT,286.4,14.47,D
32.40895,-83.43816,322.48,1.14,1.06,2023-12-07,1900,A,82,6.1NRT,290.72,24.48,D
32.40697,-83.44997,345.67,1.14,1.06,2023-12-07,1900,A,94,6.1NRT,293.74,65.34,D
32.41632,-83.45219,334.07,1.14,1.06,2023-12-07,1900,A,89,6.1NRT,289.22,41.23,D
32.62007,-82.24988,300.27,1.04,1.02,2023-12-07,1900,A,33,6.1NRT,288.26,4.96,D
32.61838,-82.26071,311.33,1.04,1.02,2023-12-07,1900,A,71,6.1NRT,288.46,12.29,D
32.62509,-83.13843,304.48,1.1,1.05,2023-12-07,1900,A,59,6.1NRT,289.07,7.88,D
32.7877,-82.24347,308.96,1.04,1.02,2023-12-07,1900,A,68,6.1NRT,287.91,9.77,D
32.45093,-84.27986,320.61,1.24,1.11,2023-12-07,1900,A,80,6.1NRT,287.01,25.9,D
32.44868,-84.29276,314.66,1.24,1.11,2023-12-07,1900,A,75,6.1NRT,287.35,18.57,D
32.79665,-82.24548,312.83,1.04,1.02,2023-12-07,1900,A,73,6.1NRT,288.78,12.91,D
32.85884,-82.26577,305.7,1.04,1.02,2023-12-07,1900,A,62,6.1NRT,290.22,6.79,D
32.86949,-82.25695,326.25,1.04,1.02,2023-12-07,1900,A,84,6.1NRT,290.46,25.14,D
32.8678,-82.26776,375.4,1.04,1.02,2023-12-07,1900,A,100,6.1NRT,296.8,142.4,D
32.8661,-82.27857,303.85,1.04,1.02,2023-12-07,1900,A,55,6.1NRT,289.76,5.68,D
32.69397,-83.40195,303.75,1.13,1.06,2023-12-07,1900,A,57,6.1NRT,288.15,7.82,D
32.70327,-83.40414,336.95,1.13,1.06,2023-12-07,1900,A,90,6.1NRT,289.62,47.29,D
32.86912,-82.43671,312.18,1.05,1.02,2023-12-07,1900,A,72,6.1NRT,289.57,12.39,D
32.8674,-82.44765,301.02,1.05,1.02,2023-12-07,1900,A,44,6.1NRT,289.77,4.83,D
32.01167,-87.25315,314.6,1.9,1.35,2023-12-07,1900,A,75,6.1NRT,277.26,39.41,D
32.85566,-82.58115,365.94,1.05,1.03,2023-12-07,1900,A,100,6.1NRT,293.99,112.34,D
32.85391,-82.59217,342.02,1.06,1.03,2023-12-07,1900,A,93,6.1NRT,291.92,51.46,D
32.71951,-83.48135,304.97,1.13,1.06,2023-12-07,1900,A,60,6.1NRT,287.4,8.94,D
32.71756,-83.49313,328.76,1.14,1.06,2023-12-07,1900,A,86,6.1NRT,288.49,34.5,D
32.60703,-84.27702,311.11,1.24,1.1,2023-12-07,1900,A,71,6.1NRT,287.51,14.51,D
32.61671,-84.27939,332.23,1.24,1.1,2023-12-07,1900,A,88,6.1NRT,288.81,43.87,D
32.61448,-84.29214,308.5,1.24,1.11,2023-12-07,1900,A,67,6.1NRT,289.18,11.89,D
33.32382,-79.9669,303.78,1.02,1.01,2023-12-07,1900,A,54,6.1NRT,286.75,7.35,D
31.02586,-92.38413,305.68,4.41,1.93,2023-12-07,1900,A,58,6.1NRT,274.67,74.83,D
32.97906,-82.90973,353.02,1.08,1.04,2023-12-07,1900,A,97,6.1NRT,289.02,77.48,D
32.97725,-82.92094,392.22,1.08,1.04,2023-12-07,1900,A,100,6.1NRT,297.75,235.01,D
32.97544,-82.93222,302.59,1.08,1.04,2023-12-07,1900,A,53,6.1NRT,288.65,6.19,D
33.04643,-82.5457,321.13,1.05,1.02,2023-12-07,1900,A,81,6.1NRT,289.45,20.85,D
33.31163,-80.8455,342.58,1,1,2023-12-07,1900,A,93,6.1NRT,289.14,49.64,D
33.31012,-80.85603,314.3,1,1,2023-12-07,1900,A,75,6.1NRT,286.72,14.42,D
33.06575,-82.48207,337.25,1.04,1.02,2023-12-07,1900,A,90,6.1NRT,291.22,42.06,D
32.44324,-86.16656,319.08,1.59,1.24,2023-12-07,1900,A,79,6.1NRT,286.83,34.63,D
32.43297,-86.16886,305.91,1.59,1.24,2023-12-07,1900,A,48,6.1NRT,285.89,14.64,D
32.4438,-86.17178,312.04,1.59,1.24,2023-12-07,1900,A,72,6.1NRT,286.35,23.24,D
33.16187,-82.39639,304.44,1.04,1.02,2023-12-07,1900,A,59,6.1NRT,288.21,6.81,D
33.16017,-82.40728,305.15,1.04,1.02,2023-12-07,1900,A,61,6.1NRT,289.65,7.25,D
32.29645,-87.35095,307.66,1.9,1.35,2023-12-07,1900,A,60,6.1NRT,282.87,22.81,D
32.30586,-87.34005,303.97,1.9,1.35,2023-12-07,1900,A,33,6.1NRT,284.1,16.62,D
33.21195,-82.49325,302.65,1.04,1.02,2023-12-07,1900,A,53,6.1NRT,288.15,5.96,D
33.21023,-82.50417,307.71,1.04,1.02,2023-12-07,1900,A,66,6.1NRT,289.09,9.29,D
33.26384,-82.28006,315.88,1.03,1.01,2023-12-07,1900,A,76,6.1NRT,286.95,15.58,D
33.26217,-82.29084,312.67,1.03,1.01,2023-12-07,1900,A,73,6.1NRT,287.73,12.87,D
33.19358,-82.78593,301.64,1.06,1.03,2023-12-07,1900,A,48,6.1NRT,287.59,6.12,D
33.19182,-82.79701,306.54,1.06,1.03,2023-12-07,1900,A,64,6.1NRT,288.23,9.05,D
33.19005,-82.80813,333.61,1.06,1.03,2023-12-07,1900,A,89,6.1NRT,289.67,38.11,D
32.61526,-86.12158,302.34,1.57,1.23,2023-12-07,1900,A,52,6.1NRT,277.6,13.42,D
33.29564,-82.25365,317.85,1.03,1.01,2023-12-07,1900,A,53,6.1NRT,288.77,15.69,D
33.29398,-82.26443,334.26,1.03,1.01,2023-12-07,1900,A,89,6.1NRT,291.77,36.89,D
33.2923,-82.27526,304.8,1.03,1.01,2023-12-07,1900,A,53,6.1NRT,288.73,6.77,D
33.30677,-82.23938,324.86,1.03,1.01,2023-12-07,1900,A,83,6.1NRT,287.91,25.32,D
33.30508,-82.25021,310.82,1.03,1.01,2023-12-07,1900,A,70,6.1NRT,287,11.96,D
33.28984,-82.34745,314.97,1.03,1.02,2023-12-07,1900,A,75,6.1NRT,288.99,14.52,D
33.28814,-82.35828,311.04,1.03,1.02,2023-12-07,1900,A,71,6.1NRT,289.86,11.4,D
32.84947,-85.2353,305,1.37,1.16,2023-12-07,1900,A,60,6.1NRT,282.76,12.03,D
33.84683,-78.86106,305.27,1.11,1.05,2023-12-07,1900,A,61,6.1NRT,285.22,9.45,D
33.60007,-80.75983,309.82,1,1,2023-12-07,1900,A,69,6.1NRT,287.78,10.49,D
33.59857,-80.77042,315.04,1,1,2023-12-07,1900,A,75,6.1NRT,287.54,14.57,D
32.32563,-88.13512,311.79,2.14,1.42,2023-12-07,1900,A,62,6.1NRT,270.27,40.78,D
32.33117,-88.1206,302.47,2.13,1.42,2023-12-07,1900,A,14,6.1NRT,268.27,19.85,D
32.32655,-88.14252,304.85,2.14,1.42,2023-12-07,1900,A,35,6.1NRT,269.62,24.68,D
33.60655,-81.17043,319.87,1,1,2023-12-07,1900,A,80,6.1NRT,288.68,18.21,D
33.61538,-81.17229,316.49,1,1,2023-12-07,1900,A,77,6.1NRT,287.09,14.97,D
33.86497,-79.43643,302.35,1.06,1.03,2023-12-07,1900,A,52,6.1NRT,285.98,7.01,D
33.73151,-80.4213,306.46,1.01,1.01,2023-12-07,1900,A,64,6.1NRT,288.66,8.22,D
33.17926,-84.12001,322.7,1.19,1.09,2023-12-07,1900,A,82,6.1NRT,290.09,26.05,D
33.18349,-84.11336,301.83,1.19,1.09,2023-12-07,1900,A,49,6.1NRT,288.2,7.28,D
33.18134,-84.12572,324.13,1.19,1.09,2023-12-07,1900,A,83,6.1NRT,289.81,29.97,D
33.36951,-83.12397,336.78,1.08,1.04,2023-12-07,1900,A,90,6.1NRT,287.66,44.8,D
33.36765,-83.13536,334.03,1.08,1.04,2023-12-07,1900,A,89,6.1NRT,288.77,40.11,D
33.45655,-82.81792,332.28,1.06,1.03,2023-12-07,1900,A,88,6.1NRT,289.46,36.44,D
33.45477,-82.82909,316.6,1.06,1.03,2023-12-07,1900,A,77,6.1NRT,289.4,17.66,D
33.46558,-82.82001,345.05,1.06,1.03,2023-12-07,1900,A,94,6.1NRT,287.81,57.89,D
33.46381,-82.83117,337.96,1.06,1.03,2023-12-07,1900,A,91,6.1NRT,288.21,44.57,D
33.42248,-83.08924,311.27,1.08,1.04,2023-12-07,1900,A,71,6.1NRT,287.21,13,D
33.42065,-83.10057,344.81,1.08,1.04,2023-12-07,1900,A,94,6.1NRT,290.12,59.95,D
33.41882,-83.11195,302.92,1.08,1.04,2023-12-07,1900,A,52,6.1NRT,287.21,6.52,D
33.52367,-82.80552,345.64,1.06,1.03,2023-12-07,1900,A,94,6.1NRT,289.25,57.85,D
33.41634,-83.46431,301.05,1.11,1.05,2023-12-07,1900,A,44,6.1NRT,287.02,5.98,D
33.41441,-83.47598,311.08,1.11,1.05,2023-12-07,1900,A,71,6.1NRT,288.76,13.37,D
32.72084,-87.25901,304.29,1.83,1.33,2023-12-07,1900,A,58,6.1NRT,278.6,20.27,D
33.53091,-82.81873,352.85,1.06,1.03,2023-12-07,1900,A,97,6.1NRT,291.14,74.86,D
33.52914,-82.82986,318.7,1.06,1.03,2023-12-07,1900,A,79,6.1NRT,287.42,18.12,D
33.53994,-82.82084,336.78,1.06,1.03,2023-12-07,1900,A,90,6.1NRT,289.63,41.93,D
33.53817,-82.83197,316.21,1.06,1.03,2023-12-07,1900,A,69,6.1NRT,287.15,15.78,D
32.87079,-86.80053,319.23,1.7,1.28,2023-12-07,1900,A,79,6.1NRT,275.78,42.02,D
33.65483,-82.32507,305.96,1.03,1.01,2023-12-07,1900,A,63,6.1NRT,288.39,8.59,D
33.62279,-82.53173,322.36,1.04,1.02,2023-12-07,1900,A,71,6.1NRT,287.69,22.38,D
33.66431,-82.32168,341.08,1.03,1.01,2023-12-07,1900,A,92,6.1NRT,288.38,48.93,D
33.66262,-82.33249,346.82,1.03,1.01,2023-12-07,1900,A,95,6.1NRT,291.46,59.9,D
31.82463,-92.016,300.08,3.97,1.85,2023-12-07,1900,A,0,6.1NRT,269.57,49.02,D
33.08209,-86.17429,336.57,1.54,1.22,2023-12-07,1900,A,90,6.1NRT,282.95,75.17,D
33.07908,-86.19041,314.76,1.55,1.23,2023-12-07,1900,A,75,6.1NRT,281.52,27.98,D
33.08452,-86.18201,304.88,1.54,1.22,2023-12-07,1900,A,49,6.1NRT,281.61,13.3,D
33.24077,-85.41245,303.6,1.38,1.16,2023-12-07,1900,A,56,6.1NRT,285.84,11.28,D
33.7879,-82.24428,309.7,1.02,1.01,2023-12-07,1900,A,0,6.1NRT,286.11,11.73,D
33.79591,-82.54946,328.08,1.04,1.02,2023-12-07,1900,A,85,6.1NRT,289.67,29.19,D
33.79421,-82.56037,365.16,1.04,1.02,2023-12-07,1900,A,100,6.1NRT,293.18,107.81,D
32.99731,-87.21552,307.89,1.8,1.31,2023-12-07,1900,A,66,6.1NRT,270.21,25.88,D
32.99355,-87.23425,301.95,1.8,1.32,2023-12-07,1900,A,50,6.1NRT,271.21,17.4,D
34.08154,-81.13721,309.24,1,1,2023-12-07,1900,A,68,6.1NRT,285.93,9.96,D
34.35384,-79.20755,301.4,1.09,1.04,2023-12-07,1900,A,47,6.1NRT,287.2,6.21,D
33.38596,-85.69276,312.79,1.42,1.18,2023-12-07,1900,A,73,6.1NRT,286.68,21.59,D
33.91698,-82.89827,330.04,1.05,1.03,2023-12-07,1900,A,87,6.1NRT,288.89,33.08,D
33.91521,-82.90939,302.85,1.06,1.03,2023-12-07,1900,A,54,6.1NRT,286.96,6.98,D
34.58519,-79.11401,305.59,1.1,1.05,2023-12-07,1900,A,62,6.1NRT,286.04,9.23,D
34.84166,-78.15309,316.99,1.21,1.1,2023-12-07,1900,A,77,6.1NRT,284.85,22.45,D
34.84011,-78.16613,306.22,1.21,1.09,2023-12-07,1900,A,63,6.1NRT,284.23,11.73,D
33.28642,-88.00542,300.88,1.99,1.38,2023-12-07,1900,A,42,6.1NRT,272.61,19.37,D
34.70527,-79.54222,300.66,1.07,1.03,2023-12-07,1900,A,40,6.1NRT,286.8,5.86,D
33.86731,-85.38999,300.51,1.34,1.15,2023-12-07,1900,A,38,6.1NRT,286.31,8.68,D
34.79612,-80.38802,327.85,1.02,1.01,2023-12-07,1900,A,85,6.1NRT,285.74,28.54,D
34.79463,-80.39899,354.15,1.02,1.01,2023-12-07,1900,A,97,6.1NRT,289.18,75.5,D
34.69375,-81.1235,314.77,1,1,2023-12-07,1900,A,75,6.1NRT,286.12,15.08,D
34.69222,-81.13422,314.25,1,1,2023-12-07,1900,A,75,6.1NRT,286.33,14.53,D
34.83786,-80.28348,326.95,1.03,1.01,2023-12-07,1900,A,85,6.1NRT,286.9,28.24,D
34.83637,-80.29449,320.55,1.03,1.01,2023-12-07,1900,A,80,6.1NRT,286.01,20.93,D
35.08325,-79.17699,313.79,1.11,1.05,2023-12-07,1900,A,72,6.1NRT,285.39,14.71,D
35.08174,-79.18896,301.83,1.11,1.05,2023-12-07,1900,A,19,6.1NRT,285.18,5.89,D
35.09709,-79.14277,328.73,1.11,1.05,2023-12-07,1900,A,86,6.1NRT,286.56,33.1,D
35.09558,-79.15473,314.73,1.11,1.05,2023-12-07,1900,A,71,6.1NRT,286.83,15.53,D
35.04688,-80.02905,327.3,1.04,1.02,2023-12-07,1900,A,85,6.1NRT,287.22,29.29,D
35.04539,-80.04028,325.26,1.04,1.02,2023-12-07,1900,A,84,6.1NRT,286.41,26.65,D
33.95559,-86.74186,309.11,1.6,1.25,2023-12-07,1900,A,68,6.1NRT,285.97,20.32,D
33.95234,-86.7587,331.89,1.6,1.25,2023-12-07,1900,A,88,6.1NRT,288.34,65.68,D
35.147,-79.3294,302.39,1.1,1.04,2023-12-07,1900,A,34,6.1NRT,283.5,6.77,D
35.1455,-79.34121,327.14,1.09,1.04,2023-12-07,1900,A,85,6.1NRT,284.77,30.92,D
35.144,-79.35301,308.02,1.09,1.04,2023-12-07,1900,A,66,6.1NRT,284.67,10.81,D
34.33757,-85.01363,314.53,1.26,1.12,2023-12-07,1900,A,75,6.1NRT,286.15,19.72,D
34.33522,-85.02681,313.22,1.26,1.12,2023-12-07,1900,A,73,6.1NRT,286.97,18.19,D
34.34734,-85.01616,307.19,1.26,1.12,2023-12-07,1900,A,39,6.1NRT,285.49,11.06,D
35.13975,-80.22556,300.14,1.03,1.02,2023-12-07,1900,A,14,6.1NRT,285.94,4.46,D
32.78925,-92.68694,304.91,4.14,1.88,2023-12-07,1900,A,60,6.1NRT,282.3,65.67,D
35.15024,-80.2162,316.74,1.03,1.02,2023-12-07,1900,A,77,6.1NRT,285.18,16.74,D
35.14874,-80.22736,344.95,1.03,1.02,2023-12-07,1900,A,94,6.1NRT,287.23,56.12,D
32.79376,-92.6966,304.94,4.14,1.88,2023-12-07,1900,A,60,6.1NRT,280.67,65.87,D
35.18005,-81.39059,302.48,1,1,2023-12-07,1900,A,52,6.1NRT,285.08,6.44,D
35.56997,-78.72048,301.35,1.17,1.08,2023-12-07,1900,A,46,6.1NRT,284.85,6.94,D
34.13408,-88.18747,301.22,1.95,1.36,2023-12-07,1900,A,45,6.1NRT,279.03,17.35,D
35.52718,-81.93159,303.18,1,1,2023-12-07,1900,A,55,6.1NRT,283.59,6.81,D
35.52559,-81.94243,314.83,1,1,2023-12-07,1900,A,75,6.1NRT,285.27,14.89,D
34.22939,-89.39281,302.1,2.32,1.47,2023-12-07,1900,A,44,6.1NRT,273.62,23.36,D
34.23916,-89.40066,313.36,2.32,1.47,2023-12-07,1900,A,74,6.1NRT,274.03,51.6,D
34.34322,-89.84594,306.79,2.47,1.51,2023-12-07,1902,A,64,6.1NRT,271.95,38.73,D
37.01656,-77.88757,314.49,1.33,1.14,2023-12-07,1902,A,75,6.1NRT,284.01,22.89,D
36.60786,-87.52295,308.05,1.56,1.23,2023-12-07,1902,A,66,6.1NRT,287.21,17.71,D
36.8063,-89.16651,307.62,1.94,1.36,2023-12-07,1902,A,50,6.1NRT,287.45,22.92,D
37.04261,-89.58897,302.39,2.03,1.39,2023-12-07,1902,A,52,6.1NRT,286.11,16.27,D
38.89558,-87.62337,306.27,1.42,1.18,2023-12-07,1902,A,63,6.1NRT,286.45,13.79,D
38.89253,-87.63918,302.99,1.42,1.18,2023-12-07,1902,A,54,6.1NRT,286.34,10.51,D
40.75161,-81.43758,302.66,1.05,1.03,2023-12-07,1902,A,53,6.1NRT,280.42,8.44,D
39.96761,-86.83535,300.33,1.24,1.11,2023-12-07,1902,A,35,6.1NRT,281.55,7.78,D
40.75227,-86.39182,315.49,1.16,1.07,2023-12-07,1902,A,76,6.1NRT,282.86,19.88,D
41.35963,-84.92233,302.88,1.03,1.02,2023-12-07,1902,A,54,6.1NRT,282.44,8.04,D
40.85651,-94.24928,322.53,3.05,1.66,2023-12-07,1902,A,82,6.1NRT,288.48,101.81,D
40.86493,-94.21956,302.57,3.03,1.66,2023-12-07,1902,A,53,6.1NRT,287.54,28.34,D
40.85643,-94.25348,318.99,3.05,1.66,2023-12-07,1902,A,79,6.1NRT,288.45,89.66,D
43.14269,-93.65872,308.73,2.42,1.5,2023-12-07,1904,A,68,6.1NRT,286.75,34.98,D
43.13609,-93.68674,356.81,2.43,1.5,2023-12-07,1904,A,98,6.1NRT,290.32,289.36,D
43.1445,-93.69783,310.64,2.43,1.5,2023-12-07,1904,A,70,6.1NRT,287.32,39.51,D
45.72108,-98.44401,303.49,3.64,1.79,2023-12-07,1904,A,56,6.1NRT,284.83,43.03,D
45.70928,-98.48724,301.16,3.66,1.79,2023-12-07,1904,A,39,6.1NRT,284.48,35.03,D
45.72964,-98.45106,303.6,3.64,1.79,2023-12-07,1904,A,53,6.1NRT,284.14,47.17,D
46.28447,-97.66525,314.29,3.18,1.69,2023-12-07,1904,A,75,6.1NRT,284.24,80.05,D
46.2828,-97.66802,313.72,3.18,1.69,2023-12-07,1904,A,74,6.1NRT,284.16,77.66,D
46.56096,-98.25636,304.13,3.34,1.72,2023-12-07,1904,A,58,6.1NRT,281.53,46.68,D
47.54089,-96.97797,307.94,2.66,1.57,2023-12-07,1904,A,66,6.1NRT,283.69,40.23,D
47.53259,-97.01091,320.29,2.68,1.57,2023-12-07,1904,A,80,6.1NRT,284.11,82.58,D
47.53259,-96.98078,325.07,2.66,1.57,2023-12-07,1904,A,83,6.1NRT,284.59,105.12,D
47.52411,-97.01361,318.73,2.68,1.57,2023-12-07,1904,A,79,6.1NRT,284.77,78.76,D
47.93896,-98.25813,308.57,3,1.65,2023-12-07,1904,A,67,6.1NRT,275.36,61.07,D
47.92905,-98.29532,307,3.02,1.65,2023-12-07,1904,A,65,6.1NRT,274.48,56.21,D
48.40398,-99.30997,325.68,3.26,1.71,2023-12-07,1904,A,84,6.1NRT,281.36,142.03,D
48.39296,-99.35053,323.68,3.28,1.71,2023-12-07,1904,A,83,6.1NRT,282.05,130.88,D
48.40127,-99.31213,328.37,3.26,1.71,2023-12-07,1904,A,86,6.1NRT,281.45,165.14,D
48.39006,-99.35255,318.55,3.28,1.71,2023-12-07,1904,A,79,6.1NRT,282.04,107.53,D
